suite,model,server,variant,version,backend,encoding,payload,batch,workers,concurrency,throughput_rps,rows_per_s,p50_ms,p95_ms,p99_ms,mean_ms,errors,window_s,request_bytes,ready_s,max_abs_err,health_p50_ms,health_p99_ms
fixture,clean_mlp,naive FastAPI + torch,naive_torch,,torch,json,,1,1,1,1019.86,1019.9,0.887,1.516,2.117,0.973,0,3.0,353,5.09,0.0,,
fixture,clean_mlp,naive FastAPI + torch,naive_torch,,torch,json,,1,1,2,1325.15,1325.2,1.343,2.041,3.375,1.502,0,3.0,353,5.09,0.0,,
fixture,clean_mlp,naive FastAPI + torch,naive_torch,,torch,json,,1,1,4,1326.72,1326.7,2.737,4.13,10.711,3.003,0,3.001,353,5.09,0.0,,
fixture,clean_mlp,naive FastAPI + torch,naive_torch,,torch,json,,1,1,8,1211.8,1211.8,6.36,9.046,12.1,6.583,0,3.003,353,5.09,0.0,,
fixture,clean_mlp,naive FastAPI + torch,naive_torch,,torch,json,,1,1,16,1329.72,1329.7,11.293,14.945,17.242,11.994,0,3.005,353,5.09,0.0,,
fixture,clean_mlp,naive FastAPI + torch,naive_torch,,torch,json,,1,1,32,1198.03,1198.0,23.849,34.057,136.358,26.554,0,3.01,353,5.09,0.0,,
fixture,clean_mlp,naive FastAPI + torch,naive_torch,,torch,json,,1,1,64,1037.44,1037.4,56.414,65.088,185.636,61.016,0,3.026,353,5.09,0.0,,
fixture,clean_mlp,naive FastAPI + torch,naive_torch,,torch,json,,8,1,1,910.12,7281.0,1.036,1.561,2.203,1.092,0,3.001,2673,5.09,0.0,,
fixture,clean_mlp,naive FastAPI + torch,naive_torch,,torch,json,,8,1,8,1015.83,8126.6,7.637,9.739,15.204,7.851,0,3.005,2673,5.09,0.0,,
fixture,clean_mlp,naive FastAPI + torch,naive_torch,,torch,json,,8,1,32,932.38,7459.0,30.62,37.642,190.276,34.027,0,3.018,2673,5.09,0.0,,
fixture,clean_mlp,naive FastAPI + torch,naive_torch,,torch,json,,32,1,1,706.5,22608.0,1.323,2.084,2.746,1.408,0,3.001,10659,5.09,0.0,,
fixture,clean_mlp,naive FastAPI + torch,naive_torch,,torch,json,,32,1,8,991.12,31715.8,8.854,12.275,13.996,8.051,0,3.005,10659,5.09,0.0,,
fixture,clean_mlp,naive FastAPI + torch,naive_torch,,torch,json,,32,1,32,868.11,27779.5,36.863,50.456,156.69,36.38,0,3.017,10659,5.09,0.0,,
fixture,clean_mlp,naive FastAPI + ONNX Runtime,naive_onnx,,onnx,json,,1,1,1,1124.69,1124.7,0.83,1.266,1.827,0.883,0,3.001,353,9.26,7.450580596923828e-09,,
fixture,clean_mlp,naive FastAPI + ONNX Runtime,naive_onnx,,onnx,json,,1,1,2,1468.88,1468.9,1.175,1.764,3.493,1.355,0,3.001,353,9.26,7.450580596923828e-09,,
fixture,clean_mlp,naive FastAPI + ONNX Runtime,naive_onnx,,onnx,json,,1,1,4,1488.12,1488.1,2.328,3.507,16.647,2.678,0,3.0,353,9.26,7.450580596923828e-09,,
fixture,clean_mlp,naive FastAPI + ONNX Runtime,naive_onnx,,onnx,json,,1,1,8,1601.64,1601.6,4.885,6.789,7.927,4.98,0,3.002,353,9.26,7.450580596923828e-09,,
fixture,clean_mlp,naive FastAPI + ONNX Runtime,naive_onnx,,onnx,json,,1,1,16,1615.24,1615.2,9.705,12.414,14.733,9.867,0,3.006,353,9.26,7.450580596923828e-09,,
fixture,clean_mlp,naive FastAPI + ONNX Runtime,naive_onnx,,onnx,json,,1,1,32,1446.35,1446.3,18.475,24.081,218.543,22.045,0,3.084,353,9.26,7.450580596923828e-09,,
fixture,clean_mlp,naive FastAPI + ONNX Runtime,naive_onnx,,onnx,json,,1,1,64,1498.32,1498.3,38.752,48.414,248.362,42.336,0,3.019,353,9.26,7.450580596923828e-09,,
fixture,clean_mlp,naive FastAPI + ONNX Runtime,naive_onnx,,onnx,json,,8,1,1,1041.45,8331.6,0.903,1.361,1.95,0.954,0,3.001,2673,9.26,3.725290298461914e-08,,
fixture,clean_mlp,naive FastAPI + ONNX Runtime,naive_onnx,,onnx,json,,8,1,8,1391.83,11134.6,5.521,7.755,9.373,5.733,0,3.002,2673,9.26,3.725290298461914e-08,,
fixture,clean_mlp,naive FastAPI + ONNX Runtime,naive_onnx,,onnx,json,,8,1,32,1128.76,9030.1,23.349,28.922,296.419,27.949,0,3.302,2673,9.26,3.725290298461914e-08,,
fixture,clean_mlp,naive FastAPI + ONNX Runtime,naive_onnx,,onnx,json,,32,1,1,861.99,27583.7,1.068,1.706,2.491,1.154,0,3.002,10659,9.26,5.960464477539063e-08,,
fixture,clean_mlp,naive FastAPI + ONNX Runtime,naive_onnx,,onnx,json,,32,1,8,1266.75,40536.0,6.595,9.819,11.663,6.302,0,3.002,10659,9.26,5.960464477539063e-08,,
fixture,clean_mlp,naive FastAPI + ONNX Runtime,naive_onnx,,onnx,json,,32,1,32,1018.6,32595.2,29.805,41.929,243.621,31.214,0,3.013,10659,9.26,5.960464477539063e-08,,
fixture,clean_mlp,"naive torch, async def",naive_torch_async,,torch,json,,1,1,1,1762.82,1762.8,0.512,0.837,1.379,0.562,0,3.0,353,4.57,0.0,,
fixture,clean_mlp,"naive torch, async def",naive_torch_async,,torch,json,,1,1,2,2253.35,2253.3,0.834,1.232,1.746,0.882,0,3.0,353,4.57,0.0,,
fixture,clean_mlp,"naive torch, async def",naive_torch_async,,torch,json,,1,1,4,2352.9,2352.9,1.629,2.325,2.989,1.692,0,3.001,353,4.57,0.0,,
fixture,clean_mlp,"naive torch, async def",naive_torch_async,,torch,json,,1,1,8,2263.6,2263.6,3.304,4.916,5.849,3.522,0,3.002,353,4.57,0.0,,
fixture,clean_mlp,"naive torch, async def",naive_torch_async,,torch,json,,1,1,16,2345.46,2345.5,6.565,9.046,9.908,6.802,0,3.005,353,4.57,0.0,,
fixture,clean_mlp,"naive torch, async def",naive_torch_async,,torch,json,,1,1,32,2450.23,2450.2,12.595,16.006,17.982,13.003,0,3.013,353,4.57,0.0,,
fixture,clean_mlp,"naive torch, async def",naive_torch_async,,torch,json,,1,1,64,2393.83,2393.8,26.205,30.469,36.494,26.586,0,3.019,353,4.57,0.0,,
fixture,clean_mlp,downshift 0.5.0,downshift,0.5.0,onnxruntime,json,,1,1,1,858.48,858.5,1.055,1.71,2.437,1.158,0,3.001,353,9.56,9.219741824162409e-09,,
fixture,clean_mlp,downshift 0.5.0,downshift,0.5.0,onnxruntime,json,,1,1,2,1030.11,1030.1,1.839,2.754,3.51,1.933,0,3.001,353,9.56,9.219741824162409e-09,,
fixture,clean_mlp,downshift 0.5.0,downshift,0.5.0,onnxruntime,json,,1,1,4,880.17,880.2,4.441,5.905,6.851,4.53,0,3.002,353,9.56,9.219741824162409e-09,,
fixture,clean_mlp,downshift 0.5.0,downshift,0.5.0,onnxruntime,json,,1,1,8,927.96,928.0,8.402,10.815,12.757,8.604,0,3.004,353,9.56,9.219741824162409e-09,,
fixture,clean_mlp,downshift 0.5.0,downshift,0.5.0,onnxruntime,json,,1,1,16,978.18,978.2,16.009,19.682,22.467,16.294,0,3.012,353,9.56,9.219741824162409e-09,,
fixture,clean_mlp,downshift 0.5.0,downshift,0.5.0,onnxruntime,json,,1,1,32,1009.06,1009.1,31.144,36.48,38.666,31.46,0,3.015,353,9.56,9.219741824162409e-09,,
fixture,clean_mlp,downshift 0.5.0,downshift,0.5.0,onnxruntime,json,,1,1,64,935.42,935.4,62.626,76.945,240.965,67.577,0,3.044,353,9.56,9.219741824162409e-09,,
fixture,clean_mlp,downshift 0.5.0,downshift,0.5.0,onnxruntime,json,,8,1,1,785.78,6286.2,1.197,1.826,2.568,1.266,0,3.001,2673,9.56,3.721756515473462e-08,,
fixture,clean_mlp,downshift 0.5.0,downshift,0.5.0,onnxruntime,json,,8,1,8,921.49,7371.9,8.552,10.823,12.488,8.654,0,3.003,2673,9.56,3.721756515473462e-08,,
fixture,clean_mlp,downshift 0.5.0,downshift,0.5.0,onnxruntime,json,,8,1,32,885.88,7087.0,32.993,41.402,240.221,35.899,0,3.015,2673,9.56,3.721756515473462e-08,,
fixture,clean_mlp,downshift 0.5.0,downshift,0.5.0,onnxruntime,json,,32,1,1,727.52,23280.6,1.257,2.143,2.744,1.367,0,3.001,10659,9.56,6.40797424567019e-08,,
fixture,clean_mlp,downshift 0.5.0,downshift,0.5.0,onnxruntime,json,,32,1,8,1087.1,34787.2,8.069,10.539,11.976,7.339,0,3.003,10659,9.56,6.40797424567019e-08,,
fixture,clean_mlp,downshift 0.5.0,downshift,0.5.0,onnxruntime,json,,32,1,32,1090.69,34902.1,32.376,40.418,43.402,29.137,0,3.016,10659,9.56,6.40797424567019e-08,,
fixture,clean_mlp,downshift 0.5.0 base64,downshift_base64,0.5.0,onnxruntime,base64,,1,1,1,812.92,812.9,1.13,1.803,2.587,1.223,0,3.0,186,9.78,7.450580596923828e-09,,
fixture,clean_mlp,downshift 0.5.0 base64,downshift_base64,0.5.0,onnxruntime,base64,,1,1,2,982.22,982.2,1.962,2.768,3.229,2.027,0,3.0,186,9.78,7.450580596923828e-09,,
fixture,clean_mlp,downshift 0.5.0 base64,downshift_base64,0.5.0,onnxruntime,base64,,1,1,4,924.14,924.1,4.245,5.521,6.499,4.312,0,3.003,186,9.78,7.450580596923828e-09,,
fixture,clean_mlp,downshift 0.5.0 base64,downshift_base64,0.5.0,onnxruntime,base64,,1,1,8,947.87,947.9,8.246,10.592,11.555,8.41,0,3.005,186,9.78,7.450580596923828e-09,,
fixture,clean_mlp,downshift 0.5.0 base64,downshift_base64,0.5.0,onnxruntime,base64,,1,1,16,976.22,976.2,15.793,19.372,25.022,16.33,0,3.008,186,9.78,7.450580596923828e-09,,
fixture,clean_mlp,downshift 0.5.0 base64,downshift_base64,0.5.0,onnxruntime,base64,,1,1,32,990.38,990.4,31.783,37.484,40.41,32.079,0,3.022,186,9.78,7.450580596923828e-09,,
fixture,clean_mlp,downshift 0.5.0 base64,downshift_base64,0.5.0,onnxruntime,base64,,1,1,64,847.5,847.5,67.327,90.948,281.179,74.354,0,3.036,186,9.78,7.450580596923828e-09,,
fixture,clean_mlp,downshift 0.5.0 base64,downshift_base64,0.5.0,onnxruntime,base64,,8,1,1,846.24,6769.9,1.095,1.688,2.416,1.175,0,3.002,782,9.78,3.725290298461914e-08,,
fixture,clean_mlp,downshift 0.5.0 base64,downshift_base64,0.5.0,onnxruntime,base64,,8,1,8,966.1,7728.8,8.141,10.382,11.465,8.256,0,3.003,782,9.78,3.725290298461914e-08,,
fixture,clean_mlp,downshift 0.5.0 base64,downshift_base64,0.5.0,onnxruntime,base64,,8,1,32,920.35,7362.8,31.562,39.227,216.125,34.511,0,3.021,782,9.78,3.725290298461914e-08,,
fixture,clean_mlp,downshift 0.5.0 base64,downshift_base64,0.5.0,onnxruntime,base64,,32,1,1,879.4,28140.8,1.077,1.54,2.304,1.131,0,3.001,2831,9.78,5.960464477539063e-08,,
fixture,clean_mlp,downshift 0.5.0 base64,downshift_base64,0.5.0,onnxruntime,base64,,32,1,8,979.99,31359.7,8.042,10.029,11.131,8.149,0,3.003,2831,9.78,5.960464477539063e-08,,
fixture,clean_mlp,downshift 0.5.0 base64,downshift_base64,0.5.0,onnxruntime,base64,,32,1,32,961.8,30777.6,32.552,39.258,43.612,33.054,0,3.017,2831,9.78,5.960464477539063e-08,,
fixture,clean_mlp,downshift 0.5.0 safetensors,downshift_safetensors,0.5.0,onnxruntime,safetensors,,1,1,1,872.78,872.8,1.077,1.583,2.359,1.14,0,3.001,136,9.02,7.450580596923828e-09,,
fixture,clean_mlp,downshift 0.5.0 safetensors,downshift_safetensors,0.5.0,onnxruntime,safetensors,,1,1,2,990.99,991.0,1.925,2.813,3.579,2.01,0,3.001,136,9.02,7.450580596923828e-09,,
fixture,clean_mlp,downshift 0.5.0 safetensors,downshift_safetensors,0.5.0,onnxruntime,safetensors,,1,1,4,844.42,844.4,4.531,6.067,8.055,4.722,0,3.002,136,9.02,7.450580596923828e-09,,
fixture,clean_mlp,downshift 0.5.0 safetensors,downshift_safetensors,0.5.0,onnxruntime,safetensors,,1,1,8,896.52,896.5,8.787,10.899,12.308,8.899,0,3.007,136,9.02,7.450580596923828e-09,,
fixture,clean_mlp,downshift 0.5.0 safetensors,downshift_safetensors,0.5.0,onnxruntime,safetensors,,1,1,16,963.11,963.1,16.312,20.174,22.749,16.563,0,3.01,136,9.02,7.450580596923828e-09,,
fixture,clean_mlp,downshift 0.5.0 safetensors,downshift_safetensors,0.5.0,onnxruntime,safetensors,,1,1,32,963.76,963.8,32.825,37.699,39.634,32.965,0,3.019,136,9.02,7.450580596923828e-09,,
fixture,clean_mlp,downshift 0.5.0 safetensors,downshift_safetensors,0.5.0,onnxruntime,safetensors,,1,1,64,864.42,864.4,67.793,79.707,269.391,72.792,0,3.039,136,9.02,7.450580596923828e-09,,
fixture,clean_mlp,downshift 0.5.0 safetensors,downshift_safetensors,0.5.0,onnxruntime,safetensors,,8,1,1,849.14,6793.1,1.104,1.646,2.288,1.171,0,3.001,584,9.02,3.725290298461914e-08,,
fixture,clean_mlp,downshift 0.5.0 safetensors,downshift_safetensors,0.5.0,onnxruntime,safetensors,,8,1,8,889.5,7116.0,8.781,11.294,13.274,8.961,0,3.004,584,9.02,3.725290298461914e-08,,
fixture,clean_mlp,downshift 0.5.0 safetensors,downshift_safetensors,0.5.0,onnxruntime,safetensors,,8,1,32,961.92,7695.4,32.675,38.707,44.504,33.018,0,3.016,584,9.02,3.725290298461914e-08,,
fixture,clean_mlp,downshift 0.5.0 safetensors,downshift_safetensors,0.5.0,onnxruntime,safetensors,,32,1,1,748.66,23957.1,1.223,1.993,2.804,1.329,0,3.001,2120,9.02,5.960464477539063e-08,,
fixture,clean_mlp,downshift 0.5.0 safetensors,downshift_safetensors,0.5.0,onnxruntime,safetensors,,32,1,8,927.92,29693.4,8.518,10.491,11.404,8.599,0,3.005,2120,9.02,5.960464477539063e-08,,
fixture,clean_mlp,downshift 0.5.0 safetensors,downshift_safetensors,0.5.0,onnxruntime,safetensors,,32,1,32,952.4,30476.8,33.101,39.287,44.619,33.369,0,3.018,2120,9.02,5.960464477539063e-08,,
fixture,clean_mlp,downshift 0.5.0 --execution inline,downshift_inline,0.5.0,onnxruntime,json,,1,1,1,1253.36,1253.4,0.729,1.183,1.891,0.792,0,3.001,353,9.35,9.219741824162409e-09,,
fixture,clean_mlp,downshift 0.5.0 --execution inline,downshift_inline,0.5.0,onnxruntime,json,,1,1,2,1431.52,1431.5,1.339,1.857,2.47,1.391,0,3.001,353,9.35,9.219741824162409e-09,,
fixture,clean_mlp,downshift 0.5.0 --execution inline,downshift_inline,0.5.0,onnxruntime,json,,1,1,4,1425.08,1425.1,2.668,3.779,4.837,2.797,0,3.001,353,9.35,9.219741824162409e-09,,
fixture,clean_mlp,downshift 0.5.0 --execution inline,downshift_inline,0.5.0,onnxruntime,json,,1,1,8,1467.38,1467.4,5.23,7.113,8.047,5.438,0,3.002,353,9.35,9.219741824162409e-09,,
fixture,clean_mlp,downshift 0.5.0 --execution inline,downshift_inline,0.5.0,onnxruntime,json,,1,1,16,1388.07,1388.1,10.83,16.019,17.78,11.482,0,3.008,353,9.35,9.219741824162409e-09,,
fixture,clean_mlp,downshift 0.5.0 --execution inline,downshift_inline,0.5.0,onnxruntime,json,,1,1,32,1424.11,1424.1,21.499,30.46,32.978,22.332,0,3.015,353,9.35,9.219741824162409e-09,,
fixture,clean_mlp,downshift 0.5.0 --execution inline,downshift_inline,0.5.0,onnxruntime,json,,1,1,64,1497.94,1497.9,41.676,47.266,52.196,42.241,0,3.037,353,9.35,9.219741824162409e-09,,
fixture,clean_mlp,downshift 0.5.0 --execution inline,downshift_inline,0.5.0,onnxruntime,json,,8,1,1,1251.76,10014.1,0.745,1.143,1.592,0.793,0,3.001,2673,9.35,3.721756515473462e-08,,
fixture,clean_mlp,downshift 0.5.0 --execution inline,downshift_inline,0.5.0,onnxruntime,json,,8,1,8,1342.36,10738.9,5.599,8.172,11.027,5.944,0,3.004,2673,9.35,3.721756515473462e-08,,
fixture,clean_mlp,downshift 0.5.0 --execution inline,downshift_inline,0.5.0,onnxruntime,json,,8,1,32,1332.72,10661.8,23.352,29.472,32.832,23.858,0,3.019,2673,9.35,3.721756515473462e-08,,
fixture,clean_mlp,downshift 0.5.0 --execution inline,downshift_inline,0.5.0,onnxruntime,json,,32,1,1,1050.36,33611.5,0.873,1.437,2.0,0.946,0,3.001,10659,9.35,6.40797424567019e-08,,
fixture,clean_mlp,downshift 0.5.0 --execution inline,downshift_inline,0.5.0,onnxruntime,json,,32,1,8,1471.05,47073.6,5.771,8.142,9.447,5.423,0,3.005,10659,9.35,6.40797424567019e-08,,
fixture,clean_mlp,downshift 0.5.0 --execution inline,downshift_inline,0.5.0,onnxruntime,json,,32,1,32,1509.8,48313.6,23.304,30.144,34.245,21.059,0,3.013,10659,9.35,6.40797424567019e-08,,
fixture,clean_mlp,downshift 0.4.0,downshift,0.4.0,onnxruntime,json,,1,1,1,722.65,722.6,1.282,2.095,2.874,1.375,0,3.0,353,9.59,9.219741824162409e-09,,
fixture,clean_mlp,downshift 0.4.0,downshift,0.4.0,onnxruntime,json,,1,1,2,849.29,849.3,2.148,3.221,4.646,2.344,0,3.001,353,9.59,9.219741824162409e-09,,
fixture,clean_mlp,downshift 0.4.0,downshift,0.4.0,onnxruntime,json,,1,1,4,840.06,840.1,4.508,6.269,9.026,4.732,0,3.002,353,9.59,9.219741824162409e-09,,
fixture,clean_mlp,downshift 0.4.0,downshift,0.4.0,onnxruntime,json,,1,1,8,833.75,833.8,9.385,12.039,20.96,9.568,0,3.007,353,9.59,9.219741824162409e-09,,
fixture,clean_mlp,downshift 0.4.0,downshift,0.4.0,onnxruntime,json,,1,1,16,865.97,866.0,18.137,22.514,28.026,18.375,0,3.005,353,9.59,9.219741824162409e-09,,
fixture,clean_mlp,downshift 0.4.0,downshift,0.4.0,onnxruntime,json,,1,1,32,818.56,818.6,35.925,43.982,235.032,38.672,0,3.032,353,9.59,9.219741824162409e-09,,
fixture,clean_mlp,downshift 0.4.0,downshift,0.4.0,onnxruntime,json,,1,1,64,787.83,787.8,68.833,257.914,276.854,79.84,0,3.041,353,9.59,9.219741824162409e-09,,
fixture,clean_mlp,downshift 0.4.0,downshift,0.4.0,onnxruntime,json,,8,1,1,768.46,6147.7,1.221,1.83,2.576,1.295,0,3.001,2673,9.59,3.721756515473462e-08,,
fixture,clean_mlp,downshift 0.4.0,downshift,0.4.0,onnxruntime,json,,8,1,8,820.25,6562.0,9.585,12.39,15.571,9.729,0,3.003,2673,9.59,3.721756515473462e-08,,
fixture,clean_mlp,downshift 0.4.0,downshift,0.4.0,onnxruntime,json,,8,1,32,822.55,6580.4,35.962,45.465,210.535,38.438,0,3.019,2673,9.59,3.721756515473462e-08,,
fixture,clean_mlp,downshift 0.4.0,downshift,0.4.0,onnxruntime,json,,32,1,1,720.96,23070.7,1.291,2.01,2.771,1.381,0,3.0,10659,9.59,6.40797424567019e-08,,
fixture,clean_mlp,downshift 0.4.0,downshift,0.4.0,onnxruntime,json,,32,1,8,922.29,29513.3,9.505,13.062,15.284,8.648,0,3.003,10659,9.59,6.40797424567019e-08,,
fixture,clean_mlp,downshift 0.4.0,downshift,0.4.0,onnxruntime,json,,32,1,32,904.07,28930.2,36.278,47.646,221.292,35.057,0,3.015,10659,9.59,6.40797424567019e-08,,
fixture,clean_mlp,downshift 0.4.0 base64,downshift_base64,0.4.0,onnxruntime,base64,,1,1,1,788.17,788.2,1.181,1.801,2.512,1.263,0,3.001,186,8.43,7.450580596923828e-09,,
fixture,clean_mlp,downshift 0.4.0 base64,downshift_base64,0.4.0,onnxruntime,base64,,1,1,2,883.55,883.5,2.174,3.107,3.951,2.254,0,3.002,186,8.43,7.450580596923828e-09,,
fixture,clean_mlp,downshift 0.4.0 base64,downshift_base64,0.4.0,onnxruntime,base64,,1,1,4,749.64,749.6,5.023,6.981,18.967,5.318,0,3.001,186,8.43,7.450580596923828e-09,,
fixture,clean_mlp,downshift 0.4.0 base64,downshift_base64,0.4.0,onnxruntime,base64,,1,1,8,786.64,786.6,9.913,13.228,15.668,10.143,0,3.003,186,8.43,7.450580596923828e-09,,
fixture,clean_mlp,downshift 0.4.0 base64,downshift_base64,0.4.0,onnxruntime,base64,,1,1,16,832.46,832.5,18.826,23.262,27.675,19.127,0,3.006,186,8.43,7.450580596923828e-09,,
fixture,clean_mlp,downshift 0.4.0 base64,downshift_base64,0.4.0,onnxruntime,base64,,1,1,32,771.28,771.3,36.604,46.136,332.782,41.052,0,3.022,186,8.43,7.450580596923828e-09,,
fixture,clean_mlp,downshift 0.4.0 base64,downshift_base64,0.4.0,onnxruntime,base64,,1,1,64,740.56,740.6,74.792,264.717,271.402,85.156,0,3.239,186,8.43,7.450580596923828e-09,,
fixture,clean_mlp,downshift 0.4.0 base64,downshift_base64,0.4.0,onnxruntime,base64,,8,1,1,722.19,5777.5,1.273,2.079,2.656,1.378,0,3.001,782,8.43,3.725290298461914e-08,,
fixture,clean_mlp,downshift 0.4.0 base64,downshift_base64,0.4.0,onnxruntime,base64,,8,1,8,824.57,6596.6,9.391,12.565,19.337,9.676,0,3.003,782,8.43,3.725290298461914e-08,,
fixture,clean_mlp,downshift 0.4.0 base64,downshift_base64,0.4.0,onnxruntime,base64,,8,1,32,821.04,6568.3,36.055,43.877,232.19,38.726,0,3.136,782,8.43,3.725290298461914e-08,,
fixture,clean_mlp,downshift 0.4.0 base64,downshift_base64,0.4.0,onnxruntime,base64,,32,1,1,691.01,22112.3,1.343,2.124,2.867,1.439,0,3.001,2831,8.43,5.960464477539063e-08,,
fixture,clean_mlp,downshift 0.4.0 base64,downshift_base64,0.4.0,onnxruntime,base64,,32,1,8,786.69,25174.1,9.89,13.207,17.048,10.13,0,3.004,2831,8.43,5.960464477539063e-08,,
fixture,clean_mlp,downshift 0.4.0 base64,downshift_base64,0.4.0,onnxruntime,base64,,32,1,32,834.89,26716.5,37.423,46.629,51.684,37.991,0,3.017,2831,8.43,5.960464477539063e-08,,
fixture,dynamic_batch_cnn,naive FastAPI + torch,naive_torch,,torch,json,,1,1,1,666.82,666.8,1.421,2.088,2.811,1.492,0,3.001,15966,4.56,0.0,,
fixture,dynamic_batch_cnn,naive FastAPI + torch,naive_torch,,torch,json,,1,1,2,759.92,759.9,2.551,3.312,4.017,2.622,0,3.0,15966,4.56,0.0,,
fixture,dynamic_batch_cnn,naive FastAPI + torch,naive_torch,,torch,json,,1,1,4,885.13,885.1,4.502,6.695,9.123,4.503,0,3.002,15966,4.56,0.0,,
fixture,dynamic_batch_cnn,naive FastAPI + torch,naive_torch,,torch,json,,1,1,8,858.6,858.6,10.315,14.15,17.215,9.293,0,3.004,15966,4.56,0.0,,
fixture,dynamic_batch_cnn,naive FastAPI + torch,naive_torch,,torch,json,,1,1,16,828.7,828.7,21.073,28.121,31.131,19.23,0,3.012,15966,4.56,0.0,,
fixture,dynamic_batch_cnn,naive FastAPI + torch,naive_torch,,torch,json,,1,1,32,726.2,726.2,46.869,57.896,182.728,43.556,0,3.027,15966,4.56,0.0,,
fixture,dynamic_batch_cnn,naive FastAPI + torch,naive_torch,,torch,json,,1,1,64,636.69,636.7,106.541,165.644,282.206,97.111,0,3.055,15966,4.56,0.0,,
fixture,dynamic_batch_cnn,naive FastAPI + torch,naive_torch,,torch,json,,8,1,1,177.77,1422.2,5.224,7.729,18.217,5.606,0,3.004,127655,4.56,0.0,,
fixture,dynamic_batch_cnn,naive FastAPI + torch,naive_torch,,torch,json,,8,1,8,185.11,1480.9,48.594,63.074,75.116,42.903,0,3.025,127655,4.56,0.0,,
fixture,dynamic_batch_cnn,naive FastAPI + torch,naive_torch,,torch,json,,8,1,32,157.02,1256.2,215.813,389.424,442.499,195.3,0,3.102,127655,4.56,0.0,,
fixture,dynamic_batch_cnn,naive FastAPI + torch,naive_torch,,torch,json,,32,1,1,32.51,1040.3,32.207,45.731,48.091,30.621,0,3.014,510377,4.56,0.0,,
fixture,dynamic_batch_cnn,naive FastAPI + torch,naive_torch,,torch,json,,32,1,8,51.66,1653.1,167.495,221.327,244.24,148.481,0,3.058,510377,4.56,0.0,,
fixture,dynamic_batch_cnn,naive FastAPI + torch,naive_torch,,torch,json,,32,1,32,40.79,1305.3,724.423,836.005,837.25,662.53,0,3.432,510377,4.56,0.0,,
fixture,dynamic_batch_cnn,naive FastAPI + ONNX Runtime,naive_onnx,,onnx,json,,1,1,1,690.16,690.2,1.356,2.154,2.803,1.441,0,3.001,15966,9.29,2.9802322387695312e-08,,
fixture,dynamic_batch_cnn,naive FastAPI + ONNX Runtime,naive_onnx,,onnx,json,,1,1,2,827.72,827.7,2.274,3.185,11.807,2.406,0,3.001,15966,9.29,2.9802322387695312e-08,,
fixture,dynamic_batch_cnn,naive FastAPI + ONNX Runtime,naive_onnx,,onnx,json,,1,1,4,1003.66,1003.7,3.775,6.182,17.637,3.968,0,3.001,15966,9.29,2.9802322387695312e-08,,
fixture,dynamic_batch_cnn,naive FastAPI + ONNX Runtime,naive_onnx,,onnx,json,,1,1,8,976.74,976.7,8.741,12.844,16.469,8.158,0,3.004,15966,9.29,2.9802322387695312e-08,,
fixture,dynamic_batch_cnn,naive FastAPI + ONNX Runtime,naive_onnx,,onnx,json,,1,1,16,910.18,910.2,19.357,25.196,28.46,17.512,0,3.005,15966,9.29,2.9802322387695312e-08,,
fixture,dynamic_batch_cnn,naive FastAPI + ONNX Runtime,naive_onnx,,onnx,json,,1,1,32,891.94,891.9,38.171,48.842,219.698,35.593,0,3.017,15966,9.29,2.9802322387695312e-08,,
fixture,dynamic_batch_cnn,naive FastAPI + ONNX Runtime,naive_onnx,,onnx,json,,1,1,64,769.38,769.4,83.143,112.455,313.477,81.242,0,3.04,15966,9.29,2.9802322387695312e-08,,
fixture,dynamic_batch_cnn,naive FastAPI + ONNX Runtime,naive_onnx,,onnx,json,,8,1,1,189.85,1518.8,4.984,7.072,10.752,5.251,0,3.002,127655,9.29,2.9802322387695312e-08,,
fixture,dynamic_batch_cnn,naive FastAPI + ONNX Runtime,naive_onnx,,onnx,json,,8,1,8,209.5,1676.0,40.678,52.965,74.153,37.973,0,3.021,127655,9.29,2.9802322387695312e-08,,
fixture,dynamic_batch_cnn,naive FastAPI + ONNX Runtime,naive_onnx,,onnx,json,,8,1,32,178.7,1429.6,183.329,407.83,425.673,171.961,0,3.089,127655,9.29,2.9802322387695312e-08,,
fixture,dynamic_batch_cnn,naive FastAPI + ONNX Runtime,naive_onnx,,onnx,json,,32,1,1,34.88,1116.2,29.229,43.765,48.597,28.541,0,3.01,510377,9.29,2.9802322387695312e-08,,
fixture,dynamic_batch_cnn,naive FastAPI + ONNX Runtime,naive_onnx,,onnx,json,,32,1,8,54.47,1743.0,152.832,197.128,365.235,139.359,0,3.048,510377,9.29,2.9802322387695312e-08,,
fixture,dynamic_batch_cnn,naive FastAPI + ONNX Runtime,naive_onnx,,onnx,json,,32,1,32,45.84,1466.9,666.924,871.14,877.261,591.06,0,3.316,510377,9.29,2.9802322387695312e-08,,
fixture,dynamic_batch_cnn,"naive torch, async def",naive_torch_async,,torch,json,,1,1,1,822.86,822.9,1.169,1.666,2.141,1.208,0,3.001,15966,4.55,0.0,,
fixture,dynamic_batch_cnn,"naive torch, async def",naive_torch_async,,torch,json,,1,1,2,886.99,887.0,2.326,2.888,3.48,2.246,0,3.001,15966,4.55,0.0,,
fixture,dynamic_batch_cnn,"naive torch, async def",naive_torch_async,,torch,json,,1,1,4,1037.22,1037.2,4.48,5.53,6.183,3.845,0,3.002,15966,4.55,0.0,,
fixture,dynamic_batch_cnn,"naive torch, async def",naive_torch_async,,torch,json,,1,1,8,1033.95,1034.0,8.703,11.053,13.241,7.714,0,3.005,15966,4.55,0.0,,
fixture,dynamic_batch_cnn,"naive torch, async def",naive_torch_async,,torch,json,,1,1,16,986.19,986.2,18.012,22.052,29.252,16.142,0,3.006,15966,4.55,0.0,,
fixture,dynamic_batch_cnn,"naive torch, async def",naive_torch_async,,torch,json,,1,1,32,1009.84,1009.8,36.337,41.744,45.88,31.397,0,3.019,15966,4.55,0.0,,
fixture,dynamic_batch_cnn,"naive torch, async def",naive_torch_async,,torch,json,,1,1,64,1034.51,1034.5,71.095,78.483,80.322,60.914,0,3.041,15966,4.55,0.0,,
fixture,dynamic_batch_cnn,downshift 0.5.0,downshift,0.5.0,onnxruntime,json,,1,1,1,687.44,687.4,1.365,2.084,2.797,1.447,0,3.001,15966,9.74,3.1705703729123513e-08,,
fixture,dynamic_batch_cnn,downshift 0.5.0,downshift,0.5.0,onnxruntime,json,,1,1,2,882.62,882.6,2.262,3.151,3.758,2.257,0,3.001,15966,9.74,3.1705703729123513e-08,,
fixture,dynamic_batch_cnn,downshift 0.5.0,downshift,0.5.0,onnxruntime,json,,1,1,4,945.59,945.6,4.502,6.107,7.446,4.214,0,3.002,15966,9.74,3.1705703729123513e-08,,
fixture,dynamic_batch_cnn,downshift 0.5.0,downshift,0.5.0,onnxruntime,json,,1,1,8,990.25,990.2,9.037,11.717,12.89,8.055,0,3.002,15966,9.74,3.1705703729123513e-08,,
fixture,dynamic_batch_cnn,downshift 0.5.0,downshift,0.5.0,onnxruntime,json,,1,1,16,1027.04,1027.0,17.258,21.097,22.806,15.504,0,3.009,15966,9.74,3.1705703729123513e-08,,
fixture,dynamic_batch_cnn,downshift 0.5.0,downshift,0.5.0,onnxruntime,json,,1,1,32,1030.86,1030.9,34.018,40.955,43.818,30.786,0,3.015,15966,9.74,3.1705703729123513e-08,,
fixture,dynamic_batch_cnn,downshift 0.5.0,downshift,0.5.0,onnxruntime,json,,1,1,64,991.16,991.2,68.032,79.853,283.519,62.595,0,3.037,15966,9.74,3.1705703729123513e-08,,
fixture,dynamic_batch_cnn,downshift 0.5.0,downshift,0.5.0,onnxruntime,json,,8,1,1,348.56,2788.5,2.728,3.897,4.979,2.86,0,3.001,127655,9.74,2.945921326324985e-08,,
fixture,dynamic_batch_cnn,downshift 0.5.0,downshift,0.5.0,onnxruntime,json,,8,1,8,467.82,3742.6,17.985,23.261,26.519,17.024,0,3.01,127655,9.74,2.945921326324985e-08,,
fixture,dynamic_batch_cnn,downshift 0.5.0,downshift,0.5.0,onnxruntime,json,,8,1,32,435.88,3487.0,78.041,88.876,291.128,71.418,0,3.093,127655,9.74,2.945921326324985e-08,,
fixture,dynamic_batch_cnn,downshift 0.5.0,downshift,0.5.0,onnxruntime,json,,32,1,1,86.84,2778.9,8.039,29.166,34.662,11.494,0,3.005,510377,9.74,3.3801879906203425e-08,,
fixture,dynamic_batch_cnn,downshift 0.5.0,downshift,0.5.0,onnxruntime,json,,32,1,8,162.64,5204.5,51.755,62.769,87.721,47.973,0,3.019,510377,9.74,3.3801879906203425e-08,,
fixture,dynamic_batch_cnn,downshift 0.5.0,downshift,0.5.0,onnxruntime,json,,32,1,32,141.69,4534.1,231.866,474.934,506.571,214.383,0,3.12,510377,9.74,3.3801879906203425e-08,,
fixture,dynamic_batch_cnn,downshift 0.5.0 base64,downshift_base64,0.5.0,onnxruntime,base64,,1,1,1,777.25,777.2,1.217,1.774,2.429,1.28,0,3.002,4201,9.28,2.9802322387695312e-08,,
fixture,dynamic_batch_cnn,downshift 0.5.0 base64,downshift_base64,0.5.0,onnxruntime,base64,,1,1,2,991.77,991.8,2.012,2.736,3.433,2.009,0,3.002,4201,9.28,2.9802322387695312e-08,,
fixture,dynamic_batch_cnn,downshift 0.5.0 base64,downshift_base64,0.5.0,onnxruntime,base64,,1,1,4,1069.52,1069.5,4.016,5.51,6.325,3.728,0,3.001,4201,9.28,2.9802322387695312e-08,,
fixture,dynamic_batch_cnn,downshift 0.5.0 base64,downshift_base64,0.5.0,onnxruntime,base64,,1,1,8,1080.7,1080.7,8.111,10.547,11.799,7.383,0,3.003,4201,9.28,2.9802322387695312e-08,,
fixture,dynamic_batch_cnn,downshift 0.5.0 base64,downshift_base64,0.5.0,onnxruntime,base64,,1,1,16,1150.88,1150.9,15.282,18.426,19.633,13.839,0,3.009,4201,9.28,2.9802322387695312e-08,,
fixture,dynamic_batch_cnn,downshift 0.5.0 base64,downshift_base64,0.5.0,onnxruntime,base64,,1,1,32,1167.81,1167.8,30.235,35.849,37.856,27.16,0,3.016,4201,9.28,2.9802322387695312e-08,,
fixture,dynamic_batch_cnn,downshift 0.5.0 base64,downshift_base64,0.5.0,onnxruntime,base64,,1,1,64,1259.97,1260.0,46.314,70.258,217.487,49.812,0,3.034,4201,9.28,2.9802322387695312e-08,,
fixture,dynamic_batch_cnn,downshift 0.5.0 base64,downshift_base64,0.5.0,onnxruntime,base64,,8,1,1,697.27,5578.2,1.33,2.029,2.782,1.427,0,3.0,32873,9.28,2.9802322387695312e-08,,
fixture,dynamic_batch_cnn,downshift 0.5.0 base64,downshift_base64,0.5.0,onnxruntime,base64,,8,1,8,1027.43,8219.4,8.484,11.287,12.509,7.757,0,3.006,32873,9.28,2.9802322387695312e-08,,
fixture,dynamic_batch_cnn,downshift 0.5.0 base64,downshift_base64,0.5.0,onnxruntime,base64,,8,1,32,1080.94,8647.5,32.665,39.21,42.056,29.363,0,3.021,32873,9.28,2.9802322387695312e-08,,
fixture,dynamic_batch_cnn,downshift 0.5.0 base64,downshift_base64,0.5.0,onnxruntime,base64,,32,1,1,551.99,17663.7,1.712,2.557,3.401,1.804,0,3.0,131178,9.28,2.9802322387695312e-08,,
fixture,dynamic_batch_cnn,downshift 0.5.0 base64,downshift_base64,0.5.0,onnxruntime,base64,,32,1,8,769.67,24629.4,11.366,14.966,17.095,10.357,0,3.004,131178,9.28,2.9802322387695312e-08,,
fixture,dynamic_batch_cnn,downshift 0.5.0 base64,downshift_base64,0.5.0,onnxruntime,base64,,32,1,32,762.57,24402.2,47.279,56.667,59.142,41.392,0,3.028,131178,9.28,2.9802322387695312e-08,,
fixture,dynamic_batch_cnn,downshift 0.5.0 safetensors,downshift_safetensors,0.5.0,onnxruntime,safetensors,,1,1,1,758.08,758.1,1.25,1.793,2.49,1.312,0,3.001,3152,9.72,2.9802322387695312e-08,,
fixture,dynamic_batch_cnn,downshift 0.5.0 safetensors,downshift_safetensors,0.5.0,onnxruntime,safetensors,,1,1,2,935.25,935.2,2.118,2.933,3.743,2.129,0,3.001,3152,9.72,2.9802322387695312e-08,,
fixture,dynamic_batch_cnn,downshift 0.5.0 safetensors,downshift_safetensors,0.5.0,onnxruntime,safetensors,,1,1,4,1038.04,1038.0,4.135,5.676,6.771,3.843,0,3.002,3152,9.72,2.9802322387695312e-08,,
fixture,dynamic_batch_cnn,downshift 0.5.0 safetensors,downshift_safetensors,0.5.0,onnxruntime,safetensors,,1,1,8,1059.09,1059.1,8.197,10.787,12.669,7.531,0,3.003,3152,9.72,2.9802322387695312e-08,,
fixture,dynamic_batch_cnn,downshift 0.5.0 safetensors,downshift_safetensors,0.5.0,onnxruntime,safetensors,,1,1,16,1098.24,1098.2,16.08,20.345,21.716,14.509,0,3.008,3152,9.72,2.9802322387695312e-08,,
fixture,dynamic_batch_cnn,downshift 0.5.0 safetensors,downshift_safetensors,0.5.0,onnxruntime,safetensors,,1,1,32,1102.32,1102.3,31.899,39.714,49.949,28.807,0,3.015,3152,9.72,2.9802322387695312e-08,,
fixture,dynamic_batch_cnn,downshift 0.5.0 safetensors,downshift_safetensors,0.5.0,onnxruntime,safetensors,,1,1,64,1035.28,1035.3,63.389,76.276,289.241,60.433,0,3.035,3152,9.72,2.9802322387695312e-08,,
fixture,dynamic_batch_cnn,downshift 0.5.0 safetensors,downshift_safetensors,0.5.0,onnxruntime,safetensors,,8,1,1,665.78,5326.2,1.426,2.12,2.695,1.494,0,3.001,24656,9.72,2.9802322387695312e-08,,
fixture,dynamic_batch_cnn,downshift 0.5.0 safetensors,downshift_safetensors,0.5.0,onnxruntime,safetensors,,8,1,8,1041.89,8335.1,8.478,11.054,12.42,7.658,0,3.003,24656,9.72,2.9802322387695312e-08,,
fixture,dynamic_batch_cnn,downshift 0.5.0 safetensors,downshift_safetensors,0.5.0,onnxruntime,safetensors,,8,1,32,1052.14,8417.1,32.736,41.464,45.067,30.154,0,3.018,24656,9.72,2.9802322387695312e-08,,
fixture,dynamic_batch_cnn,downshift 0.5.0 safetensors,downshift_safetensors,0.5.0,onnxruntime,safetensors,,32,1,1,605.3,19369.6,1.422,2.324,3.717,1.635,0,3.0,98384,9.72,2.9802322387695312e-08,,
fixture,dynamic_batch_cnn,downshift 0.5.0 safetensors,downshift_safetensors,0.5.0,onnxruntime,safetensors,,32,1,8,967.36,30955.5,9.043,12.425,14.969,8.247,0,3.003,98384,9.72,2.9802322387695312e-08,,
fixture,dynamic_batch_cnn,downshift 0.5.0 safetensors,downshift_safetensors,0.5.0,onnxruntime,safetensors,,32,1,32,981.95,31422.4,35.919,45.748,49.288,32.291,0,3.017,98384,9.72,2.9802322387695312e-08,,
fixture,dynamic_batch_cnn,downshift 0.5.0 --execution inline,downshift_inline,0.5.0,onnxruntime,json,,1,1,1,912.87,912.9,1.05,1.515,2.075,1.088,0,3.0,15966,9.17,3.1705703729123513e-08,,
fixture,dynamic_batch_cnn,downshift 0.5.0 --execution inline,downshift_inline,0.5.0,onnxruntime,json,,1,1,2,1017.87,1017.9,2.008,2.614,3.384,1.957,0,3.001,15966,9.17,3.1705703729123513e-08,,
fixture,dynamic_batch_cnn,downshift 0.5.0 --execution inline,downshift_inline,0.5.0,onnxruntime,json,,1,1,4,1118.15,1118.2,3.971,4.911,5.882,3.564,0,3.001,15966,9.17,3.1705703729123513e-08,,
fixture,dynamic_batch_cnn,downshift 0.5.0 --execution inline,downshift_inline,0.5.0,onnxruntime,json,,1,1,8,1158.79,1158.8,7.783,9.338,10.151,6.88,0,3.004,15966,9.17,3.1705703729123513e-08,,
fixture,dynamic_batch_cnn,downshift 0.5.0 --execution inline,downshift_inline,0.5.0,onnxruntime,json,,1,1,16,1176.56,1176.6,15.433,18.206,19.335,13.533,0,3.009,15966,9.17,3.1705703729123513e-08,,
fixture,dynamic_batch_cnn,downshift 0.5.0 --execution inline,downshift_inline,0.5.0,onnxruntime,json,,1,1,32,1185.91,1185.9,30.524,36.059,37.487,26.782,0,3.019,15966,9.17,3.1705703729123513e-08,,
fixture,dynamic_batch_cnn,downshift 0.5.0 --execution inline,downshift_inline,0.5.0,onnxruntime,json,,1,1,64,1211.49,1211.5,61.319,69.34,71.619,52.081,0,3.032,15966,9.17,3.1705703729123513e-08,,
fixture,dynamic_batch_cnn,downshift 0.5.0 --execution inline,downshift_inline,0.5.0,onnxruntime,json,,8,1,1,303.09,2424.7,2.961,4.377,11.987,3.289,0,3.002,127655,9.17,2.945921326324985e-08,,
fixture,dynamic_batch_cnn,downshift 0.5.0 --execution inline,downshift_inline,0.5.0,onnxruntime,json,,8,1,8,469.24,3753.9,18.718,24.687,27.155,16.989,0,3.009,127655,9.17,2.945921326324985e-08,,
fixture,dynamic_batch_cnn,downshift 0.5.0 --execution inline,downshift_inline,0.5.0,onnxruntime,json,,8,1,32,425.6,3404.8,77.431,96.965,320.489,73.857,0,3.043,127655,9.17,2.945921326324985e-08,,
fixture,dynamic_batch_cnn,downshift 0.5.0 --execution inline,downshift_inline,0.5.0,onnxruntime,json,,32,1,1,81.84,2618.9,7.959,31.248,33.79,12.166,0,3.006,510377,9.17,3.3801879906203425e-08,,
fixture,dynamic_batch_cnn,downshift 0.5.0 --execution inline,downshift_inline,0.5.0,onnxruntime,json,,32,1,8,158.96,5086.7,53.452,63.724,73.995,49.734,0,3.032,510377,9.17,3.3801879906203425e-08,,
fixture,dynamic_batch_cnn,downshift 0.5.0 --execution inline,downshift_inline,0.5.0,onnxruntime,json,,32,1,32,145.83,4666.6,223.177,470.462,482.388,209.564,0,3.12,510377,9.17,3.3801879906203425e-08,,
fixture,dynamic_batch_cnn,downshift 0.4.0,downshift,0.4.0,onnxruntime,json,,1,1,1,618.9,618.9,1.524,2.363,3.114,1.608,0,3.004,15966,10.29,3.1705703729123513e-08,,
fixture,dynamic_batch_cnn,downshift 0.4.0,downshift,0.4.0,onnxruntime,json,,1,1,2,753.05,753.0,2.581,3.82,4.559,2.647,0,3.001,15966,10.29,3.1705703729123513e-08,,
fixture,dynamic_batch_cnn,downshift 0.4.0,downshift,0.4.0,onnxruntime,json,,1,1,4,823.75,823.8,4.998,7.413,9.13,4.837,0,3.002,15966,10.29,3.1705703729123513e-08,,
fixture,dynamic_batch_cnn,downshift 0.4.0,downshift,0.4.0,onnxruntime,json,,1,1,8,861.83,861.8,10.063,14.216,16.068,9.254,0,3.004,15966,10.29,3.1705703729123513e-08,,
fixture,dynamic_batch_cnn,downshift 0.4.0,downshift,0.4.0,onnxruntime,json,,1,1,16,767.6,767.6,21.525,29.105,35.639,20.7,0,3.03,15966,10.29,3.1705703729123513e-08,,
fixture,dynamic_batch_cnn,downshift 0.4.0,downshift,0.4.0,onnxruntime,json,,1,1,32,853.81,853.8,38.713,48.191,222.346,37.027,0,3.019,15966,10.29,3.1705703729123513e-08,,
fixture,dynamic_batch_cnn,downshift 0.4.0,downshift,0.4.0,onnxruntime,json,,1,1,64,778.53,778.5,82.67,113.264,301.44,80.127,0,3.043,15966,10.29,3.1705703729123513e-08,,
fixture,dynamic_batch_cnn,downshift 0.4.0,downshift,0.4.0,onnxruntime,json,,8,1,1,324.77,2598.2,2.858,4.087,5.649,3.065,0,3.002,127655,10.29,2.945921326324985e-08,,
fixture,dynamic_batch_cnn,downshift 0.4.0,downshift,0.4.0,onnxruntime,json,,8,1,8,399.79,3198.3,20.844,27.474,33.159,19.613,0,3.009,127655,10.29,2.945921326324985e-08,,
fixture,dynamic_batch_cnn,downshift 0.4.0,downshift,0.4.0,onnxruntime,json,,8,1,32,331.59,2652.7,83.717,269.687,285.844,93.913,0,3.091,127655,10.29,2.945921326324985e-08,,
fixture,dynamic_batch_cnn,downshift 0.4.0,downshift,0.4.0,onnxruntime,json,,32,1,1,94.92,3037.4,7.615,25.8,34.197,10.457,0,3.023,510377,10.29,3.3801879906203425e-08,,
fixture,dynamic_batch_cnn,downshift 0.4.0,downshift,0.4.0,onnxruntime,json,,32,1,8,136.27,4360.6,57.114,78.046,267.688,57.461,0,3.031,510377,10.29,3.3801879906203425e-08,,
fixture,dynamic_batch_cnn,downshift 0.4.0,downshift,0.4.0,onnxruntime,json,,32,1,32,103.47,3311.0,293.191,516.764,530.165,290.388,0,3.131,510377,10.29,3.3801879906203425e-08,,
fixture,dynamic_batch_cnn,downshift 0.4.0 base64,downshift_base64,0.4.0,onnxruntime,base64,,1,1,1,608.93,608.9,1.564,2.309,2.714,1.634,0,3.0,4201,10.34,2.9802322387695312e-08,,
fixture,dynamic_batch_cnn,downshift 0.4.0 base64,downshift_base64,0.4.0,onnxruntime,base64,,1,1,2,813.57,813.6,2.378,3.44,4.302,2.449,0,3.002,4201,10.34,2.9802322387695312e-08,,
fixture,dynamic_batch_cnn,downshift 0.4.0 base64,downshift_base64,0.4.0,onnxruntime,base64,,1,1,4,902.11,902.1,4.638,6.802,7.922,4.419,0,3.003,4201,10.34,2.9802322387695312e-08,,
fixture,dynamic_batch_cnn,downshift 0.4.0 base64,downshift_base64,0.4.0,onnxruntime,base64,,1,1,8,916.36,916.4,9.546,12.69,15.785,8.696,0,3.003,4201,10.34,2.9802322387695312e-08,,
fixture,dynamic_batch_cnn,downshift 0.4.0 base64,downshift_base64,0.4.0,onnxruntime,base64,,1,1,16,994.91,994.9,17.605,23.783,27.393,15.963,0,3.009,4201,10.34,2.9802322387695312e-08,,
fixture,dynamic_batch_cnn,downshift 0.4.0 base64,downshift_base64,0.4.0,onnxruntime,base64,,1,1,32,920.28,920.3,35.215,46.35,246.707,34.418,0,3.023,4201,10.34,2.9802322387695312e-08,,
fixture,dynamic_batch_cnn,downshift 0.4.0 base64,downshift_base64,0.4.0,onnxruntime,base64,,1,1,64,896.61,896.6,73.859,90.278,275.15,70.015,0,3.048,4201,10.34,2.9802322387695312e-08,,
fixture,dynamic_batch_cnn,downshift 0.4.0 base64,downshift_base64,0.4.0,onnxruntime,base64,,8,1,1,601.6,4812.8,1.551,2.456,3.025,1.655,0,3.0,32873,10.34,2.9802322387695312e-08,,
fixture,dynamic_batch_cnn,downshift 0.4.0 base64,downshift_base64,0.4.0,onnxruntime,base64,,8,1,8,872.88,6983.0,9.613,13.836,16.797,9.145,0,3.004,32873,10.34,2.9802322387695312e-08,,
fixture,dynamic_batch_cnn,downshift 0.4.0 base64,downshift_base64,0.4.0,onnxruntime,base64,,8,1,32,846.11,6768.9,42.886,49.983,52.67,37.397,0,3.023,32873,10.34,2.9802322387695312e-08,,
fixture,dynamic_batch_cnn,downshift 0.4.0 base64,downshift_base64,0.4.0,onnxruntime,base64,,32,1,1,414.26,13256.3,2.265,3.383,4.151,2.402,0,3.001,131178,10.34,2.9802322387695312e-08,,
fixture,dynamic_batch_cnn,downshift 0.4.0 base64,downshift_base64,0.4.0,onnxruntime,base64,,32,1,8,676.58,21650.6,13.252,17.151,19.072,11.769,0,3.006,131178,10.34,2.9802322387695312e-08,,
fixture,dynamic_batch_cnn,downshift 0.4.0 base64,downshift_base64,0.4.0,onnxruntime,base64,,32,1,32,662.39,21196.5,54.147,63.964,68.568,47.665,0,3.028,131178,10.34,2.9802322387695312e-08,,
fixture,gnn_gcn,naive FastAPI + torch,naive_torch,,torch,json,,1,1,1,508.63,508.6,1.862,2.737,3.355,1.957,0,3.002,1107,16.87,0.0,,
fixture,gnn_gcn,naive FastAPI + torch,naive_torch,,torch,json,,1,1,2,517.76,517.8,3.714,4.94,5.948,3.848,0,3.001,1107,16.87,0.0,,
fixture,gnn_gcn,naive FastAPI + torch,naive_torch,,torch,json,,1,1,4,508.96,509.0,7.741,9.554,11.098,7.832,0,3.002,1107,16.87,0.0,,
fixture,gnn_gcn,naive FastAPI + torch,naive_torch,,torch,json,,1,1,8,421.46,421.5,18.593,23.664,32.197,18.912,0,3.009,1107,16.87,0.0,,
fixture,gnn_gcn,naive FastAPI + torch,naive_torch,,torch,json,,1,1,16,388.7,388.7,40.456,48.806,52.439,40.682,0,3.018,1107,16.87,0.0,,
fixture,gnn_gcn,naive FastAPI + torch,naive_torch,,torch,json,,1,1,32,362.81,362.8,86.629,104.485,110.488,86.554,0,3.037,1107,16.87,0.0,,
fixture,gnn_gcn,naive FastAPI + torch,naive_torch,,torch,json,,1,1,64,333.66,333.7,185.872,214.242,228.653,184.281,0,3.069,1107,16.87,0.0,,
fixture,gnn_gcn,naive FastAPI + torch,naive_torch,,torch,json,,8,1,1,391.91,3135.3,2.412,3.524,4.218,2.541,0,3.001,8667,16.87,0.0,,
fixture,gnn_gcn,naive FastAPI + torch,naive_torch,,torch,json,,8,1,8,456.64,3653.1,19.641,26.233,29.075,17.457,0,3.005,8667,16.87,0.0,,
fixture,gnn_gcn,naive FastAPI + torch,naive_torch,,torch,json,,8,1,32,372.25,2978.0,85.085,121.114,337.052,84.127,0,3.049,8667,16.87,0.0,,
fixture,gnn_gcn,naive FastAPI + torch,naive_torch,,torch,json,,32,1,1,259.18,8293.8,3.741,5.037,5.707,3.842,0,3.002,34970,16.87,0.0,,
fixture,gnn_gcn,naive FastAPI + torch,naive_torch,,torch,json,,32,1,8,292.98,9375.4,29.82,40.84,45.139,27.16,0,3.014,34970,16.87,0.0,,
fixture,gnn_gcn,naive FastAPI + torch,naive_torch,,torch,json,,32,1,32,212.7,6806.4,148.631,358.93,449.162,145.604,0,3.08,34970,16.87,0.0,,
fixture,gnn_gcn,naive FastAPI + ONNX Runtime,naive_onnx,,onnx,json,,1,1,1,902.95,903.0,1.02,1.618,2.325,1.1,0,3.0,1107,23.46,5.960464477539063e-08,,
fixture,gnn_gcn,naive FastAPI + ONNX Runtime,naive_onnx,,onnx,json,,1,1,2,1167.6,1167.6,1.483,2.398,4.255,1.705,0,3.003,1107,23.46,5.960464477539063e-08,,
fixture,gnn_gcn,naive FastAPI + ONNX Runtime,naive_onnx,,onnx,json,,1,1,4,1291.59,1291.6,2.675,4.197,17.263,3.076,0,3.001,1107,23.46,5.960464477539063e-08,,
fixture,gnn_gcn,naive FastAPI + ONNX Runtime,naive_onnx,,onnx,json,,1,1,8,1414.89,1414.9,5.564,7.492,8.991,5.641,0,3.002,1107,23.46,5.960464477539063e-08,,
fixture,gnn_gcn,naive FastAPI + ONNX Runtime,naive_onnx,,onnx,json,,1,1,16,1353.18,1353.2,11.452,14.755,27.655,11.782,0,3.005,1107,23.46,5.960464477539063e-08,,
fixture,gnn_gcn,naive FastAPI + ONNX Runtime,naive_onnx,,onnx,json,,1,1,32,1294.19,1294.2,22.201,27.618,35.983,24.613,0,3.012,1107,23.46,5.960464477539063e-08,,
fixture,gnn_gcn,naive FastAPI + ONNX Runtime,naive_onnx,,onnx,json,,1,1,64,1181.43,1181.4,49.88,56.968,277.683,53.476,0,3.028,1107,23.46,5.960464477539063e-08,,
fixture,gnn_gcn,naive FastAPI + ONNX Runtime,naive_onnx,,onnx,json,,8,1,1,718.93,5751.4,1.272,2.093,2.957,1.384,0,3.0,8667,23.46,2.384185791015625e-07,,
fixture,gnn_gcn,naive FastAPI + ONNX Runtime,naive_onnx,,onnx,json,,8,1,8,1089.63,8717.0,7.464,11.373,16.989,7.322,0,3.006,8667,23.46,2.384185791015625e-07,,
fixture,gnn_gcn,naive FastAPI + ONNX Runtime,naive_onnx,,onnx,json,,8,1,32,919.41,7355.3,33.2,44.189,315.302,33.975,0,3.05,8667,23.46,2.384185791015625e-07,,
fixture,gnn_gcn,naive FastAPI + ONNX Runtime,naive_onnx,,onnx,json,,32,1,1,414.96,13278.7,2.284,3.528,4.317,2.401,0,3.0,34970,23.46,2.384185791015625e-07,,
fixture,gnn_gcn,naive FastAPI + ONNX Runtime,naive_onnx,,onnx,json,,32,1,8,560.83,17946.6,13.688,20.787,26.265,14.2,0,3.005,34970,23.46,2.384185791015625e-07,,
fixture,gnn_gcn,naive FastAPI + ONNX Runtime,naive_onnx,,onnx,json,,32,1,32,429.34,13738.9,66.888,289.076,305.075,73.091,0,3.072,34970,23.46,2.384185791015625e-07,,
fixture,gnn_gcn,"naive torch, async def",naive_torch_async,,torch,json,,1,1,1,684.65,684.6,1.42,2.052,2.717,1.454,0,3.0,1107,15.1,0.0,,
fixture,gnn_gcn,"naive torch, async def",naive_torch_async,,torch,json,,1,1,2,673.13,673.1,2.825,3.964,4.714,2.962,0,3.001,1107,15.1,0.0,,
fixture,gnn_gcn,"naive torch, async def",naive_torch_async,,torch,json,,1,1,4,686.99,687.0,5.617,7.08,8.03,5.81,0,3.004,1107,15.1,0.0,,
fixture,gnn_gcn,"naive torch, async def",naive_torch_async,,torch,json,,1,1,8,680.0,680.0,11.316,14.87,16.347,11.723,0,3.006,1107,15.1,0.0,,
fixture,gnn_gcn,"naive torch, async def",naive_torch_async,,torch,json,,1,1,16,689.06,689.1,22.253,27.761,28.855,23.076,0,3.017,1107,15.1,0.0,,
fixture,gnn_gcn,"naive torch, async def",naive_torch_async,,torch,json,,1,1,32,661.83,661.8,47.26,54.089,66.728,47.769,0,3.036,1107,15.1,0.0,,
fixture,gnn_gcn,"naive torch, async def",naive_torch_async,,torch,json,,1,1,64,679.04,679.0,91.619,101.67,104.328,92.144,0,3.072,1107,15.1,0.0,,
fixture,gnn_gcn,downshift 0.5.0,downshift,0.5.0,onnxruntime,json,,1,1,1,628.47,628.5,1.44,2.497,3.216,1.582,0,3.001,1107,23.12,6.436798094533458e-08,,
fixture,gnn_gcn,downshift 0.5.0,downshift,0.5.0,onnxruntime,json,,1,1,2,881.7,881.7,2.172,3.124,3.765,2.258,0,3.002,1107,23.12,6.436798094533458e-08,,
fixture,gnn_gcn,downshift 0.5.0,downshift,0.5.0,onnxruntime,json,,1,1,4,788.72,788.7,4.968,6.455,7.237,5.053,0,3.002,1107,23.12,6.436798094533458e-08,,
fixture,gnn_gcn,downshift 0.5.0,downshift,0.5.0,onnxruntime,json,,1,1,8,854.9,854.9,9.205,11.507,12.567,9.33,0,3.004,1107,23.12,6.436798094533458e-08,,
fixture,gnn_gcn,downshift 0.5.0,downshift,0.5.0,onnxruntime,json,,1,1,16,891.39,891.4,17.669,21.642,23.296,17.884,0,3.011,1107,23.12,6.436798094533458e-08,,
fixture,gnn_gcn,downshift 0.5.0,downshift,0.5.0,onnxruntime,json,,1,1,32,869.79,869.8,36.274,41.931,48.103,36.447,0,3.02,1107,23.12,6.436798094533458e-08,,
fixture,gnn_gcn,downshift 0.5.0,downshift,0.5.0,onnxruntime,json,,1,1,64,743.69,743.7,77.196,88.249,362.095,84.535,0,3.044,1107,23.12,6.436798094533458e-08,,
fixture,gnn_gcn,downshift 0.5.0,downshift,0.5.0,onnxruntime,json,,8,1,1,584.59,4676.7,1.611,2.636,3.502,1.703,0,3.0,8667,23.12,2.279632569379686e-07,,
fixture,gnn_gcn,downshift 0.5.0,downshift,0.5.0,onnxruntime,json,,8,1,8,909.89,7279.1,9.605,12.868,14.406,8.769,0,3.005,8667,23.12,2.279632569379686e-07,,
fixture,gnn_gcn,downshift 0.5.0,downshift,0.5.0,onnxruntime,json,,8,1,32,947.29,7578.3,37.345,45.403,48.658,33.448,0,3.02,8667,23.12,2.279632569379686e-07,,
fixture,gnn_gcn,downshift 0.5.0,downshift,0.5.0,onnxruntime,json,,32,1,1,468.95,15006.4,2.005,3.216,3.972,2.123,0,3.0,34970,23.12,2.407440184981624e-07,,
fixture,gnn_gcn,downshift 0.5.0,downshift,0.5.0,onnxruntime,json,,32,1,8,639.57,20466.2,12.211,17.02,26.897,12.473,0,3.005,34970,23.12,2.407440184981624e-07,,
fixture,gnn_gcn,downshift 0.5.0,downshift,0.5.0,onnxruntime,json,,32,1,32,684.53,21905.0,52.862,61.761,65.397,46.156,0,3.03,34970,23.12,2.407440184981624e-07,,
fixture,gnn_gcn,downshift 0.5.0 base64,downshift_base64,0.5.0,onnxruntime,base64,,1,1,1,628.87,628.9,1.491,2.37,3.2,1.582,0,3.001,633,23.79,5.960464477539063e-08,,
fixture,gnn_gcn,downshift 0.5.0 base64,downshift_base64,0.5.0,onnxruntime,base64,,1,1,2,838.16,838.2,2.3,3.255,4.021,2.378,0,3.001,633,23.79,5.960464477539063e-08,,
fixture,gnn_gcn,downshift 0.5.0 base64,downshift_base64,0.5.0,onnxruntime,base64,,1,1,4,798.87,798.9,4.897,6.367,7.446,4.992,0,3.002,633,23.79,5.960464477539063e-08,,
fixture,gnn_gcn,downshift 0.5.0 base64,downshift_base64,0.5.0,onnxruntime,base64,,1,1,8,815.54,815.5,9.61,12.142,13.48,9.776,0,3.004,633,23.79,5.960464477539063e-08,,
fixture,gnn_gcn,downshift 0.5.0 base64,downshift_base64,0.5.0,onnxruntime,base64,,1,1,16,808.12,808.1,19.178,24.808,30.593,19.684,0,3.011,633,23.79,5.960464477539063e-08,,
fixture,gnn_gcn,downshift 0.5.0 base64,downshift_base64,0.5.0,onnxruntime,base64,,1,1,32,828.29,828.3,38.115,44.008,46.628,38.261,0,3.018,633,23.79,5.960464477539063e-08,,
fixture,gnn_gcn,downshift 0.5.0 base64,downshift_base64,0.5.0,onnxruntime,base64,,1,1,64,684.35,684.4,81.905,99.125,414.619,91.933,0,3.044,633,23.79,5.960464477539063e-08,,
fixture,gnn_gcn,downshift 0.5.0 base64,downshift_base64,0.5.0,onnxruntime,base64,,8,1,1,563.56,4508.5,1.653,2.626,3.71,1.766,0,3.001,3918,23.79,2.384185791015625e-07,,
fixture,gnn_gcn,downshift 0.5.0 base64,downshift_base64,0.5.0,onnxruntime,base64,,8,1,8,959.85,7678.8,9.131,12.214,13.799,8.312,0,3.006,3918,23.79,2.384185791015625e-07,,
fixture,gnn_gcn,downshift 0.5.0 base64,downshift_base64,0.5.0,onnxruntime,base64,,8,1,32,853.32,6826.6,37.8,45.588,344.279,37.14,0,3.021,3918,23.79,2.384185791015625e-07,,
fixture,gnn_gcn,downshift 0.5.0 base64,downshift_base64,0.5.0,onnxruntime,base64,,32,1,1,456.46,14606.7,2.06,3.137,3.89,2.18,0,3.001,15184,23.79,2.384185791015625e-07,,
fixture,gnn_gcn,downshift 0.5.0 base64,downshift_base64,0.5.0,onnxruntime,base64,,32,1,8,838.0,26816.0,10.501,13.887,15.489,9.508,0,3.006,15184,23.79,2.384185791015625e-07,,
fixture,gnn_gcn,downshift 0.5.0 base64,downshift_base64,0.5.0,onnxruntime,base64,,32,1,32,894.43,28621.8,40.224,47.273,48.915,35.469,0,3.022,15184,23.79,2.384185791015625e-07,,
fixture,gnn_gcn,downshift 0.5.0 safetensors,downshift_safetensors,0.5.0,onnxruntime,safetensors,,1,1,1,751.63,751.6,1.249,1.881,2.628,1.324,0,3.0,488,22.95,5.960464477539063e-08,,
fixture,gnn_gcn,downshift 0.5.0 safetensors,downshift_safetensors,0.5.0,onnxruntime,safetensors,,1,1,2,898.17,898.2,2.13,3.04,3.936,2.217,0,3.001,488,22.95,5.960464477539063e-08,,
fixture,gnn_gcn,downshift 0.5.0 safetensors,downshift_safetensors,0.5.0,onnxruntime,safetensors,,1,1,4,806.59,806.6,4.916,6.112,6.873,4.942,0,3.003,488,22.95,5.960464477539063e-08,,
fixture,gnn_gcn,downshift 0.5.0 safetensors,downshift_safetensors,0.5.0,onnxruntime,safetensors,,1,1,8,820.17,820.2,9.601,11.91,13.533,9.723,0,3.007,488,22.95,5.960464477539063e-08,,
fixture,gnn_gcn,downshift 0.5.0 safetensors,downshift_safetensors,0.5.0,onnxruntime,safetensors,,1,1,16,875.03,875.0,18.045,21.76,23.529,18.204,0,3.007,488,22.95,5.960464477539063e-08,,
fixture,gnn_gcn,downshift 0.5.0 safetensors,downshift_safetensors,0.5.0,onnxruntime,safetensors,,1,1,32,881.45,881.5,35.662,41.744,49.001,36.02,0,3.023,488,22.95,5.960464477539063e-08,,
fixture,gnn_gcn,downshift 0.5.0 safetensors,downshift_safetensors,0.5.0,onnxruntime,safetensors,,1,1,64,825.15,825.1,69.549,78.441,347.124,76.301,0,3.038,488,22.95,5.960464477539063e-08,,
fixture,gnn_gcn,downshift 0.5.0 safetensors,downshift_safetensors,0.5.0,onnxruntime,safetensors,,8,1,1,695.41,5563.3,1.344,2.127,2.821,1.43,0,3.001,2960,22.95,2.384185791015625e-07,,
fixture,gnn_gcn,downshift 0.5.0 safetensors,downshift_safetensors,0.5.0,onnxruntime,safetensors,,8,1,8,1035.11,8280.9,8.492,11.136,13.021,7.704,0,3.005,2960,22.95,2.384185791015625e-07,,
fixture,gnn_gcn,downshift 0.5.0 safetensors,downshift_safetensors,0.5.0,onnxruntime,safetensors,,8,1,32,1024.86,8198.9,32.387,39.183,269.202,30.963,0,3.018,2960,22.95,2.384185791015625e-07,,
fixture,gnn_gcn,downshift 0.5.0 safetensors,downshift_safetensors,0.5.0,onnxruntime,safetensors,,32,1,1,651.65,20852.8,1.428,2.287,3.069,1.528,0,3.0,11408,22.95,2.384185791015625e-07,,
fixture,gnn_gcn,downshift 0.5.0 safetensors,downshift_safetensors,0.5.0,onnxruntime,safetensors,,32,1,8,968.04,30977.3,9.11,11.29,12.555,8.243,0,3.005,11408,22.95,2.384185791015625e-07,,
fixture,gnn_gcn,downshift 0.5.0 safetensors,downshift_safetensors,0.5.0,onnxruntime,safetensors,,32,1,32,954.74,30551.7,38.173,45.077,49.369,33.152,0,3.02,11408,22.95,2.384185791015625e-07,,
fixture,gnn_gcn,downshift 0.5.0 --execution inline,downshift_inline,0.5.0,onnxruntime,json,,1,1,1,930.93,930.9,0.98,1.61,2.199,1.067,0,3.0,1107,23.62,6.436798094533458e-08,,
fixture,gnn_gcn,downshift 0.5.0 --execution inline,downshift_inline,0.5.0,onnxruntime,json,,1,1,2,1094.41,1094.4,1.736,2.537,3.206,1.819,0,3.001,1107,23.62,6.436798094533458e-08,,
fixture,gnn_gcn,downshift 0.5.0 --execution inline,downshift_inline,0.5.0,onnxruntime,json,,1,1,4,1065.17,1065.2,3.529,5.07,6.48,3.742,0,3.001,1107,23.62,6.436798094533458e-08,,
fixture,gnn_gcn,downshift 0.5.0 --execution inline,downshift_inline,0.5.0,onnxruntime,json,,1,1,8,1081.35,1081.3,7.016,9.698,13.028,7.377,0,3.005,1107,23.62,6.436798094533458e-08,,
fixture,gnn_gcn,downshift 0.5.0 --execution inline,downshift_inline,0.5.0,onnxruntime,json,,1,1,16,1119.92,1119.9,13.616,18.063,20.205,14.243,0,3.008,1107,23.62,6.436798094533458e-08,,
fixture,gnn_gcn,downshift 0.5.0 --execution inline,downshift_inline,0.5.0,onnxruntime,json,,1,1,32,1129.99,1130.0,27.585,33.775,36.612,28.108,0,3.023,1107,23.62,6.436798094533458e-08,,
fixture,gnn_gcn,downshift 0.5.0 --execution inline,downshift_inline,0.5.0,onnxruntime,json,,1,1,64,1160.09,1160.1,53.388,66.727,73.192,54.53,0,3.034,1107,23.62,6.436798094533458e-08,,
fixture,gnn_gcn,downshift 0.5.0 --execution inline,downshift_inline,0.5.0,onnxruntime,json,,8,1,1,867.8,6942.4,1.095,1.675,2.25,1.146,0,3.001,8667,23.62,2.279632569379686e-07,,
fixture,gnn_gcn,downshift 0.5.0 --execution inline,downshift_inline,0.5.0,onnxruntime,json,,8,1,8,1206.33,9650.6,7.217,9.819,11.393,6.612,0,3.004,8667,23.62,2.279632569379686e-07,,
fixture,gnn_gcn,downshift 0.5.0 --execution inline,downshift_inline,0.5.0,onnxruntime,json,,8,1,32,1225.85,9806.8,28.919,33.812,38.457,25.92,0,3.015,8667,23.62,2.279632569379686e-07,,
fixture,gnn_gcn,downshift 0.5.0 --execution inline,downshift_inline,0.5.0,onnxruntime,json,,32,1,1,668.87,21403.8,1.428,2.196,2.771,1.488,0,3.001,34970,23.62,2.407440184981624e-07,,
fixture,gnn_gcn,downshift 0.5.0 --execution inline,downshift_inline,0.5.0,onnxruntime,json,,32,1,8,787.62,25203.8,10.719,15.822,17.554,10.121,0,3.007,34970,23.62,2.407440184981624e-07,,
fixture,gnn_gcn,downshift 0.5.0 --execution inline,downshift_inline,0.5.0,onnxruntime,json,,32,1,32,795.84,25466.9,44.324,55.91,65.401,39.792,0,3.026,34970,23.62,2.407440184981624e-07,,
fixture,gnn_gcn,downshift 0.4.0,downshift,0.4.0,onnxruntime,json,,1,1,1,619.28,619.3,1.495,2.459,3.256,1.605,0,3.0,1107,19.94,6.436798094533458e-08,,
fixture,gnn_gcn,downshift 0.4.0,downshift,0.4.0,onnxruntime,json,,1,1,2,810.36,810.4,2.297,3.438,4.323,2.459,0,3.001,1107,19.94,6.436798094533458e-08,,
fixture,gnn_gcn,downshift 0.4.0,downshift,0.4.0,onnxruntime,json,,1,1,4,760.8,760.8,4.667,6.474,8.979,5.246,0,3.002,1107,19.94,6.436798094533458e-08,,
fixture,gnn_gcn,downshift 0.4.0,downshift,0.4.0,onnxruntime,json,,1,1,8,758.2,758.2,10.223,13.703,17.446,10.514,0,3.003,1107,19.94,6.436798094533458e-08,,
fixture,gnn_gcn,downshift 0.4.0,downshift,0.4.0,onnxruntime,json,,1,1,16,779.89,779.9,20.229,25.145,28.821,20.412,0,3.013,1107,19.94,6.436798094533458e-08,,
fixture,gnn_gcn,downshift 0.4.0,downshift,0.4.0,onnxruntime,json,,1,1,32,767.33,767.3,40.869,48.244,53.342,41.206,0,3.025,1107,19.94,6.436798094533458e-08,,
fixture,gnn_gcn,downshift 0.4.0,downshift,0.4.0,onnxruntime,json,,1,1,64,756.5,756.5,83.3,91.172,101.237,82.668,0,3.055,1107,19.94,6.436798094533458e-08,,
fixture,gnn_gcn,downshift 0.4.0,downshift,0.4.0,onnxruntime,json,,8,1,1,566.27,4530.2,1.608,2.737,3.696,1.757,0,3.0,8667,19.94,2.279632569379686e-07,,
fixture,gnn_gcn,downshift 0.4.0,downshift,0.4.0,onnxruntime,json,,8,1,8,775.89,6207.1,11.47,14.995,16.971,10.271,0,3.004,8667,19.94,2.279632569379686e-07,,
fixture,gnn_gcn,downshift 0.4.0,downshift,0.4.0,onnxruntime,json,,8,1,32,749.23,5993.8,48.843,56.567,61.079,42.332,0,3.026,8667,19.94,2.279632569379686e-07,,
fixture,gnn_gcn,downshift 0.4.0,downshift,0.4.0,onnxruntime,json,,32,1,1,400.16,12805.1,2.332,3.739,4.522,2.489,0,3.001,34970,19.94,2.407440184981624e-07,,
fixture,gnn_gcn,downshift 0.4.0,downshift,0.4.0,onnxruntime,json,,32,1,8,513.32,16426.2,15.667,21.043,28.174,15.505,0,3.043,34970,19.94,2.407440184981624e-07,,
fixture,gnn_gcn,downshift 0.4.0,downshift,0.4.0,onnxruntime,json,,32,1,32,498.79,15961.3,67.617,80.255,360.919,63.429,0,3.035,34970,19.94,2.407440184981624e-07,,
fixture,gnn_gcn,downshift 0.4.0 base64,downshift_base64,0.4.0,onnxruntime,base64,,1,1,1,641.53,641.5,1.449,2.307,2.96,1.551,0,3.001,633,21.67,5.960464477539063e-08,,
fixture,gnn_gcn,downshift 0.4.0 base64,downshift_base64,0.4.0,onnxruntime,base64,,1,1,2,764.19,764.2,2.399,3.646,5.116,2.608,0,3.002,633,21.67,5.960464477539063e-08,,
fixture,gnn_gcn,downshift 0.4.0 base64,downshift_base64,0.4.0,onnxruntime,base64,,1,1,4,764.89,764.9,4.804,7.043,18.507,5.205,0,3.003,633,21.67,5.960464477539063e-08,,
fixture,gnn_gcn,downshift 0.4.0 base64,downshift_base64,0.4.0,onnxruntime,base64,,1,1,8,763.33,763.3,10.35,13.393,15.98,10.447,0,3.005,633,21.67,5.960464477539063e-08,,
fixture,gnn_gcn,downshift 0.4.0 base64,downshift_base64,0.4.0,onnxruntime,base64,,1,1,16,744.87,744.9,20.997,26.998,31.882,21.357,0,3.01,633,21.67,5.960464477539063e-08,,
fixture,gnn_gcn,downshift 0.4.0 base64,downshift_base64,0.4.0,onnxruntime,base64,,1,1,32,757.79,757.8,41.391,48.928,54.737,41.738,0,3.025,633,21.67,5.960464477539063e-08,,
fixture,gnn_gcn,downshift 0.4.0 base64,downshift_base64,0.4.0,onnxruntime,base64,,1,1,64,721.62,721.6,85.574,98.033,129.75,86.683,0,3.06,633,21.67,5.960464477539063e-08,,
fixture,gnn_gcn,downshift 0.4.0 base64,downshift_base64,0.4.0,onnxruntime,base64,,8,1,1,656.68,5253.4,1.394,2.321,3.229,1.516,0,3.001,3918,21.67,2.384185791015625e-07,,
fixture,gnn_gcn,downshift 0.4.0 base64,downshift_base64,0.4.0,onnxruntime,base64,,8,1,8,904.09,7232.7,9.582,13.11,14.61,8.818,0,3.005,3918,21.67,2.384185791015625e-07,,
fixture,gnn_gcn,downshift 0.4.0 base64,downshift_base64,0.4.0,onnxruntime,base64,,8,1,32,844.95,6759.6,39.991,47.581,258.945,37.443,0,3.023,3918,21.67,2.384185791015625e-07,,
fixture,gnn_gcn,downshift 0.4.0 base64,downshift_base64,0.4.0,onnxruntime,base64,,32,1,1,592.36,18955.5,1.572,2.507,3.352,1.681,0,3.002,15184,21.67,2.384185791015625e-07,,
fixture,gnn_gcn,downshift 0.4.0 base64,downshift_base64,0.4.0,onnxruntime,base64,,32,1,8,900.46,28814.7,9.521,13.146,16.187,8.855,0,3.004,15184,21.67,2.384185791015625e-07,,
fixture,gnn_gcn,downshift 0.4.0 base64,downshift_base64,0.4.0,onnxruntime,base64,,32,1,32,848.16,27141.1,41.6,54.288,58.602,37.375,0,3.022,15184,21.67,2.384185791015625e-07,,
fixture,tiny_bert,naive FastAPI + torch,naive_torch,,torch,json,,1,1,1,427.55,427.6,2.283,3.096,3.758,2.332,0,3.001,107,14.61,0.0,,
fixture,tiny_bert,naive FastAPI + torch,naive_torch,,torch,json,,1,1,2,433.43,433.4,4.47,5.52,6.167,4.601,0,3.002,107,14.61,0.0,,
fixture,tiny_bert,naive FastAPI + torch,naive_torch,,torch,json,,1,1,4,406.67,406.7,9.71,11.588,13.009,9.792,0,3.005,107,14.61,0.0,,
fixture,tiny_bert,naive FastAPI + torch,naive_torch,,torch,json,,1,1,8,389.15,389.1,20.244,24.969,28.603,20.448,0,3.007,107,14.61,0.0,,
fixture,tiny_bert,naive FastAPI + torch,naive_torch,,torch,json,,1,1,16,357.35,357.4,44.278,53.396,58.635,44.375,0,3.019,107,14.61,0.0,,
fixture,tiny_bert,naive FastAPI + torch,naive_torch,,torch,json,,1,1,32,319.01,319.0,93.145,111.386,275.362,98.763,0,3.041,107,14.61,0.0,,
fixture,tiny_bert,naive FastAPI + torch,naive_torch,,torch,json,,1,1,64,307.16,307.2,190.667,368.178,385.921,199.894,0,3.083,107,14.61,0.0,,
fixture,tiny_bert,naive FastAPI + torch,naive_torch,,torch,json,,8,1,1,370.87,2967.0,2.63,3.567,4.077,2.688,0,3.001,523,14.61,0.0,,
fixture,tiny_bert,naive FastAPI + torch,naive_torch,,torch,json,,8,1,8,333.73,2669.8,23.787,28.087,29.657,23.848,0,3.011,523,14.61,0.0,,
fixture,tiny_bert,naive FastAPI + torch,naive_torch,,torch,json,,8,1,32,284.98,2279.8,104.492,126.419,276.808,109.526,0,3.098,523,14.61,0.0,,
fixture,tiny_bert,naive FastAPI + torch,naive_torch,,torch,json,,32,1,1,306.6,9811.2,3.256,4.353,5.634,3.252,0,3.001,1941,14.61,0.0,,
fixture,tiny_bert,naive FastAPI + torch,naive_torch,,torch,json,,32,1,8,275.7,8822.4,28.856,33.968,36.636,28.852,0,3.014,1941,14.61,0.0,,
fixture,tiny_bert,naive FastAPI + torch,naive_torch,,torch,json,,32,1,32,213.29,6825.3,130.687,301.953,317.413,145.464,0,3.062,1941,14.61,0.0,,
fixture,tiny_bert,naive FastAPI + ONNX Runtime,naive_onnx,,onnx,json,,1,1,1,833.09,833.1,1.128,1.627,2.411,1.194,0,3.001,107,19.12,4.76837158203125e-07,,
fixture,tiny_bert,naive FastAPI + ONNX Runtime,naive_onnx,,onnx,json,,1,1,2,1258.57,1258.6,1.518,2.116,2.843,1.582,0,3.002,107,19.12,4.76837158203125e-07,,
fixture,tiny_bert,naive FastAPI + ONNX Runtime,naive_onnx,,onnx,json,,1,1,4,1514.6,1514.6,2.558,3.539,4.225,2.631,0,3.001,107,19.12,4.76837158203125e-07,,
fixture,tiny_bert,naive FastAPI + ONNX Runtime,naive_onnx,,onnx,json,,1,1,8,1503.67,1503.7,5.244,6.957,7.886,5.307,0,3.003,107,19.12,4.76837158203125e-07,,
fixture,tiny_bert,naive FastAPI + ONNX Runtime,naive_onnx,,onnx,json,,1,1,16,1490.91,1490.9,10.553,13.632,14.909,10.696,0,3.006,107,19.12,4.76837158203125e-07,,
fixture,tiny_bert,naive FastAPI + ONNX Runtime,naive_onnx,,onnx,json,,1,1,32,1357.0,1357.0,20.005,24.979,36.261,22.0,0,3.193,107,19.12,4.76837158203125e-07,,
fixture,tiny_bert,naive FastAPI + ONNX Runtime,naive_onnx,,onnx,json,,1,1,64,1304.45,1304.5,43.708,52.733,296.851,48.587,0,3.025,107,19.12,4.76837158203125e-07,,
fixture,tiny_bert,naive FastAPI + ONNX Runtime,naive_onnx,,onnx,json,,8,1,1,642.66,5141.3,1.495,2.009,2.691,1.549,0,3.0,523,19.12,4.76837158203125e-07,,
fixture,tiny_bert,naive FastAPI + ONNX Runtime,naive_onnx,,onnx,json,,8,1,8,1102.82,8822.6,7.044,9.841,11.142,7.236,0,3.002,523,19.12,4.76837158203125e-07,,
fixture,tiny_bert,naive FastAPI + ONNX Runtime,naive_onnx,,onnx,json,,8,1,32,1021.02,8168.2,28.216,35.01,259.877,31.153,0,3.013,523,19.12,4.76837158203125e-07,,
fixture,tiny_bert,naive FastAPI + ONNX Runtime,naive_onnx,,onnx,json,,32,1,1,345.16,11045.1,2.841,3.718,4.397,2.887,0,3.002,1941,19.12,4.76837158203125e-07,,
fixture,tiny_bert,naive FastAPI + ONNX Runtime,naive_onnx,,onnx,json,,32,1,8,561.49,17967.7,13.05,17.091,19.452,14.215,0,3.005,1941,19.12,4.76837158203125e-07,,
fixture,tiny_bert,naive FastAPI + ONNX Runtime,naive_onnx,,onnx,json,,32,1,32,434.9,13916.8,55.298,284.45,313.18,72.43,0,3.037,1941,19.12,4.76837158203125e-07,,
fixture,tiny_bert,"naive torch, async def",naive_torch_async,,torch,json,,1,1,1,571.99,572.0,1.688,2.344,3.173,1.741,0,3.0,107,14.08,0.0,,
fixture,tiny_bert,"naive torch, async def",naive_torch_async,,torch,json,,1,1,2,520.77,520.8,3.734,4.848,5.436,3.832,0,3.001,107,14.08,0.0,,
fixture,tiny_bert,"naive torch, async def",naive_torch_async,,torch,json,,1,1,4,523.16,523.2,7.436,9.138,10.033,7.628,0,3.005,107,14.08,0.0,,
fixture,tiny_bert,"naive torch, async def",naive_torch_async,,torch,json,,1,1,8,522.95,523.0,14.821,18.084,20.136,15.249,0,3.008,107,14.08,0.0,,
fixture,tiny_bert,"naive torch, async def",naive_torch_async,,torch,json,,1,1,16,526.32,526.3,29.515,33.911,36.343,30.162,0,3.021,107,14.08,0.0,,
fixture,tiny_bert,"naive torch, async def",naive_torch_async,,torch,json,,1,1,32,515.73,515.7,60.214,67.501,92.204,61.06,0,3.054,107,14.08,0.0,,
fixture,tiny_bert,"naive torch, async def",naive_torch_async,,torch,json,,1,1,64,515.88,515.9,120.118,126.49,128.15,120.389,0,3.101,107,14.08,0.0,,
fixture,tiny_bert,downshift 0.5.0,downshift,0.5.0,onnxruntime,json,,1,1,1,663.56,663.6,1.463,1.96,2.725,1.501,0,3.0,107,20.24,5.082641600928639e-07,,
fixture,tiny_bert,downshift 0.5.0,downshift,0.5.0,onnxruntime,json,,1,1,2,867.53,867.5,2.229,2.999,3.583,2.297,0,3.002,107,20.24,5.082641600928639e-07,,
fixture,tiny_bert,downshift 0.5.0,downshift,0.5.0,onnxruntime,json,,1,1,4,875.51,875.5,4.532,5.572,6.293,4.559,0,3.002,107,20.24,5.082641600928639e-07,,
fixture,tiny_bert,downshift 0.5.0,downshift,0.5.0,onnxruntime,json,,1,1,8,882.53,882.5,8.964,10.717,11.746,9.035,0,3.004,107,20.24,5.082641600928639e-07,,
fixture,tiny_bert,downshift 0.5.0,downshift,0.5.0,onnxruntime,json,,1,1,16,905.76,905.8,17.572,19.738,20.668,17.583,0,3.009,107,20.24,5.082641600928639e-07,,
fixture,tiny_bert,downshift 0.5.0,downshift,0.5.0,onnxruntime,json,,1,1,32,886.76,886.8,35.716,39.309,40.837,35.745,0,3.023,107,20.24,5.082641600928639e-07,,
fixture,tiny_bert,downshift 0.5.0,downshift,0.5.0,onnxruntime,json,,1,1,64,868.33,868.3,71.882,77.813,92.013,72.238,0,3.068,107,20.24,5.082641600928639e-07,,
fixture,tiny_bert,downshift 0.5.0,downshift,0.5.0,onnxruntime,json,,8,1,1,545.44,4363.5,1.796,2.384,3.161,1.827,0,3.001,523,20.24,5.082641600928639e-07,,
fixture,tiny_bert,downshift 0.5.0,downshift,0.5.0,onnxruntime,json,,8,1,8,795.75,6366.0,9.874,11.603,12.434,10.018,0,3.006,523,20.24,5.082641600928639e-07,,
fixture,tiny_bert,downshift 0.5.0,downshift,0.5.0,onnxruntime,json,,8,1,32,790.0,6320.0,39.974,43.315,44.593,40.096,0,3.028,523,20.24,5.082641600928639e-07,,
fixture,tiny_bert,downshift 0.5.0,downshift,0.5.0,onnxruntime,json,,32,1,1,351.04,11233.3,2.817,3.615,4.24,2.838,0,3.002,1941,20.24,5.75546264869331e-07,,
fixture,tiny_bert,downshift 0.5.0,downshift,0.5.0,onnxruntime,json,,32,1,8,494.19,15814.1,15.921,17.797,18.635,16.121,0,3.011,1941,20.24,5.75546264869331e-07,,
fixture,tiny_bert,downshift 0.5.0,downshift,0.5.0,onnxruntime,json,,32,1,32,485.63,15540.2,64.635,67.434,68.039,64.432,0,3.066,1941,20.24,5.75546264869331e-07,,
fixture,tiny_bert,downshift 0.5.0 base64,downshift_base64,0.5.0,onnxruntime,base64,,1,1,1,640.8,640.8,1.522,1.996,2.697,1.554,0,3.001,346,20.24,4.76837158203125e-07,,
fixture,tiny_bert,downshift 0.5.0 base64,downshift_base64,0.5.0,onnxruntime,base64,,1,1,2,838.63,838.6,2.314,3.039,3.759,2.377,0,3.0,346,20.24,4.76837158203125e-07,,
fixture,tiny_bert,downshift 0.5.0 base64,downshift_base64,0.5.0,onnxruntime,base64,,1,1,4,837.19,837.2,4.711,5.914,6.76,4.765,0,3.002,346,20.24,4.76837158203125e-07,,
fixture,tiny_bert,downshift 0.5.0 base64,downshift_base64,0.5.0,onnxruntime,base64,,1,1,8,846.58,846.6,9.325,11.232,12.086,9.423,0,3.004,346,20.24,4.76837158203125e-07,,
fixture,tiny_bert,downshift 0.5.0 base64,downshift_base64,0.5.0,onnxruntime,base64,,1,1,16,885.52,885.5,17.892,20.588,21.578,17.99,0,3.008,346,20.24,4.76837158203125e-07,,
fixture,tiny_bert,downshift 0.5.0 base64,downshift_base64,0.5.0,onnxruntime,base64,,1,1,32,864.43,864.4,36.461,41.098,43.196,36.715,0,3.023,346,20.24,4.76837158203125e-07,,
fixture,tiny_bert,downshift 0.5.0 base64,downshift_base64,0.5.0,onnxruntime,base64,,1,1,64,848.13,848.1,74.052,79.294,84.734,74.045,0,3.043,346,20.24,4.76837158203125e-07,,
fixture,tiny_bert,downshift 0.5.0 base64,downshift_base64,0.5.0,onnxruntime,base64,,8,1,1,548.12,4385.0,1.784,2.329,3.029,1.817,0,3.001,1538,20.24,4.76837158203125e-07,,
fixture,tiny_bert,downshift 0.5.0 base64,downshift_base64,0.5.0,onnxruntime,base64,,8,1,8,819.49,6555.9,9.596,11.374,12.047,9.737,0,3.006,1538,20.24,4.76837158203125e-07,,
fixture,tiny_bert,downshift 0.5.0 base64,downshift_base64,0.5.0,onnxruntime,base64,,8,1,32,805.44,6443.5,39.064,42.882,44.479,39.294,0,3.029,1538,20.24,4.76837158203125e-07,,
fixture,tiny_bert,downshift 0.5.0 base64,downshift_base64,0.5.0,onnxruntime,base64,,32,1,1,382.95,12254.4,2.568,3.416,4.055,2.602,0,3.0,5636,20.24,4.76837158203125e-07,,
fixture,tiny_bert,downshift 0.5.0 base64,downshift_base64,0.5.0,onnxruntime,base64,,32,1,8,672.73,21527.4,13.777,15.303,15.922,11.844,0,3.007,5636,20.24,4.76837158203125e-07,,
fixture,tiny_bert,downshift 0.5.0 base64,downshift_base64,0.5.0,onnxruntime,base64,,32,1,32,661.16,21157.1,56.033,60.055,60.764,47.785,0,3.03,5636,20.24,4.76837158203125e-07,,
fixture,tiny_bert,downshift 0.5.0 safetensors,downshift_safetensors,0.5.0,onnxruntime,safetensors,,1,1,1,636.61,636.6,1.536,1.967,2.846,1.564,0,3.0,272,19.96,4.76837158203125e-07,,
fixture,tiny_bert,downshift 0.5.0 safetensors,downshift_safetensors,0.5.0,onnxruntime,safetensors,,1,1,2,832.75,832.8,2.33,3.074,3.77,2.393,0,3.001,272,19.96,4.76837158203125e-07,,
fixture,tiny_bert,downshift 0.5.0 safetensors,downshift_safetensors,0.5.0,onnxruntime,safetensors,,1,1,4,831.61,831.6,4.752,5.899,6.564,4.796,0,3.001,272,19.96,4.76837158203125e-07,,
fixture,tiny_bert,downshift 0.5.0 safetensors,downshift_safetensors,0.5.0,onnxruntime,safetensors,,1,1,8,847.88,847.9,9.373,11.055,11.844,9.408,0,3.003,272,19.96,4.76837158203125e-07,,
fixture,tiny_bert,downshift 0.5.0 safetensors,downshift_safetensors,0.5.0,onnxruntime,safetensors,,1,1,16,871.2,871.2,18.159,21.045,22.304,18.292,0,3.004,272,19.96,4.76837158203125e-07,,
fixture,tiny_bert,downshift 0.5.0 safetensors,downshift_safetensors,0.5.0,onnxruntime,safetensors,,1,1,32,861.58,861.6,36.665,40.687,42.199,36.804,0,3.02,272,19.96,4.76837158203125e-07,,
fixture,tiny_bert,downshift 0.5.0 safetensors,downshift_safetensors,0.5.0,onnxruntime,safetensors,,1,1,64,848.85,848.9,74.494,77.894,79.049,73.977,0,3.048,272,19.96,4.76837158203125e-07,,
fixture,tiny_bert,downshift 0.5.0 safetensors,downshift_safetensors,0.5.0,onnxruntime,safetensors,,8,1,1,540.77,4326.2,1.793,2.437,3.171,1.842,0,3.001,1176,19.96,4.76837158203125e-07,,
fixture,tiny_bert,downshift 0.5.0 safetensors,downshift_safetensors,0.5.0,onnxruntime,safetensors,,8,1,8,816.08,6528.6,9.661,11.61,12.657,9.774,0,3.006,1176,19.96,4.76837158203125e-07,,
fixture,tiny_bert,downshift 0.5.0 safetensors,downshift_safetensors,0.5.0,onnxruntime,safetensors,,8,1,32,798.27,6386.2,39.524,43.267,44.407,39.7,0,3.025,1176,19.96,4.76837158203125e-07,,
fixture,tiny_bert,downshift 0.5.0 safetensors,downshift_safetensors,0.5.0,onnxruntime,safetensors,,32,1,1,375.67,12021.4,2.63,3.502,4.089,2.652,0,3.003,4248,19.96,4.76837158203125e-07,,
fixture,tiny_bert,downshift 0.5.0 safetensors,downshift_safetensors,0.5.0,onnxruntime,safetensors,,32,1,8,671.44,21486.1,13.702,15.481,16.464,11.867,0,3.008,4248,19.96,4.76837158203125e-07,,
fixture,tiny_bert,downshift 0.5.0 safetensors,downshift_safetensors,0.5.0,onnxruntime,safetensors,,32,1,32,656.43,21005.8,56.104,59.207,59.867,48.031,0,3.035,4248,19.96,4.76837158203125e-07,,
fixture,tiny_bert,downshift 0.5.0 --execution inline,downshift_inline,0.5.0,onnxruntime,json,,1,1,1,822.95,823.0,1.182,1.581,2.219,1.209,0,3.001,107,19.98,5.082641600928639e-07,,
fixture,tiny_bert,downshift 0.5.0 --execution inline,downshift_inline,0.5.0,onnxruntime,json,,1,1,2,822.82,822.8,2.4,2.965,3.534,2.423,0,3.001,107,19.98,5.082641600928639e-07,,
fixture,tiny_bert,downshift 0.5.0 --execution inline,downshift_inline,0.5.0,onnxruntime,json,,1,1,4,825.16,825.2,4.746,5.822,6.356,4.836,0,3.004,107,19.98,5.082641600928639e-07,,
fixture,tiny_bert,downshift 0.5.0 --execution inline,downshift_inline,0.5.0,onnxruntime,json,,1,1,8,837.49,837.5,9.376,10.904,11.632,9.525,0,3.005,107,19.98,5.082641600928639e-07,,
fixture,tiny_bert,downshift 0.5.0 --execution inline,downshift_inline,0.5.0,onnxruntime,json,,1,1,16,839.9,839.9,18.568,21.314,22.086,18.959,0,3.011,107,19.98,5.082641600928639e-07,,
fixture,tiny_bert,downshift 0.5.0 --execution inline,downshift_inline,0.5.0,onnxruntime,json,,1,1,32,843.59,843.6,37.496,41.158,42.456,37.518,0,3.031,107,19.98,5.082641600928639e-07,,
fixture,tiny_bert,downshift 0.5.0 --execution inline,downshift_inline,0.5.0,onnxruntime,json,,1,1,64,830.99,831.0,75.268,79.307,80.406,75.205,0,3.066,107,19.98,5.082641600928639e-07,,
fixture,tiny_bert,downshift 0.5.0 --execution inline,downshift_inline,0.5.0,onnxruntime,json,,8,1,1,659.13,5273.0,1.485,1.922,2.573,1.51,0,3.001,523,19.98,5.082641600928639e-07,,
fixture,tiny_bert,downshift 0.5.0 --execution inline,downshift_inline,0.5.0,onnxruntime,json,,8,1,8,654.4,5235.2,11.967,13.855,14.694,12.173,0,3.009,523,19.98,5.082641600928639e-07,,
fixture,tiny_bert,downshift 0.5.0 --execution inline,downshift_inline,0.5.0,onnxruntime,json,,8,1,32,655.74,5245.9,48.091,51.102,51.845,48.054,0,3.032,523,19.98,5.082641600928639e-07,,
fixture,tiny_bert,downshift 0.5.0 --execution inline,downshift_inline,0.5.0,onnxruntime,json,,32,1,1,426.85,13659.2,2.276,3.013,3.588,2.334,0,3.001,1941,19.98,5.75546264869331e-07,,
fixture,tiny_bert,downshift 0.5.0 --execution inline,downshift_inline,0.5.0,onnxruntime,json,,32,1,8,396.7,12694.4,19.784,22.312,23.197,20.065,0,3.015,1941,19.98,5.75546264869331e-07,,
fixture,tiny_bert,downshift 0.5.0 --execution inline,downshift_inline,0.5.0,onnxruntime,json,,32,1,32,390.78,12505.0,80.573,82.868,84.052,79.973,0,3.05,1941,19.98,5.75546264869331e-07,,
fixture,tiny_bert,downshift 0.4.0,downshift,0.4.0,onnxruntime,json,,1,1,1,593.03,593.0,1.637,2.163,2.932,1.679,0,3.002,107,19.54,5.082641600928639e-07,,
fixture,tiny_bert,downshift 0.4.0,downshift,0.4.0,onnxruntime,json,,1,1,2,710.65,710.6,2.7,3.785,4.52,2.805,0,3.001,107,19.54,5.082641600928639e-07,,
fixture,tiny_bert,downshift 0.4.0,downshift,0.4.0,onnxruntime,json,,1,1,4,794.69,794.7,4.893,6.653,7.694,5.022,0,3.002,107,19.54,5.082641600928639e-07,,
fixture,tiny_bert,downshift 0.4.0,downshift,0.4.0,onnxruntime,json,,1,1,8,812.24,812.2,9.618,12.255,15.308,9.825,0,3.004,107,19.54,5.082641600928639e-07,,
fixture,tiny_bert,downshift 0.4.0,downshift,0.4.0,onnxruntime,json,,1,1,16,819.95,820.0,19.275,22.374,23.938,19.418,0,3.011,107,19.54,5.082641600928639e-07,,
fixture,tiny_bert,downshift 0.4.0,downshift,0.4.0,onnxruntime,json,,1,1,32,801.75,801.8,39.364,44.053,45.379,39.492,0,3.03,107,19.54,5.082641600928639e-07,,
fixture,tiny_bert,downshift 0.4.0,downshift,0.4.0,onnxruntime,json,,1,1,64,716.88,716.9,80.802,89.979,310.228,87.578,0,3.051,107,19.54,5.082641600928639e-07,,
fixture,tiny_bert,downshift 0.4.0,downshift,0.4.0,onnxruntime,json,,8,1,1,489.86,3918.9,2.002,2.656,3.4,2.034,0,3.003,523,19.54,5.082641600928639e-07,,
fixture,tiny_bert,downshift 0.4.0,downshift,0.4.0,onnxruntime,json,,8,1,8,681.42,5451.4,11.551,14.711,16.802,11.689,0,3.008,523,19.54,5.082641600928639e-07,,
fixture,tiny_bert,downshift 0.4.0,downshift,0.4.0,onnxruntime,json,,8,1,32,644.88,5159.0,48.508,55.341,64.924,48.94,0,3.035,523,19.54,5.082641600928639e-07,,
fixture,tiny_bert,downshift 0.4.0,downshift,0.4.0,onnxruntime,json,,32,1,1,315.31,10089.9,3.113,4.162,5.099,3.16,0,3.003,1941,19.54,5.75546264869331e-07,,
fixture,tiny_bert,downshift 0.4.0,downshift,0.4.0,onnxruntime,json,,32,1,8,423.73,13559.4,19.066,23.773,29.183,18.775,0,3.014,1941,19.54,5.75546264869331e-07,,
fixture,tiny_bert,downshift 0.4.0,downshift,0.4.0,onnxruntime,json,,32,1,32,363.0,11616.0,79.305,87.347,357.164,86.694,0,3.058,1941,19.54,5.75546264869331e-07,,
fixture,tiny_bert,downshift 0.4.0 base64,downshift_base64,0.4.0,onnxruntime,base64,,1,1,1,577.47,577.5,1.687,2.242,3.031,1.725,0,3.001,346,21.13,4.76837158203125e-07,,
fixture,tiny_bert,downshift 0.4.0 base64,downshift_base64,0.4.0,onnxruntime,base64,,1,1,2,704.12,704.1,2.765,3.754,4.337,2.832,0,3.001,346,21.13,4.76837158203125e-07,,
fixture,tiny_bert,downshift 0.4.0 base64,downshift_base64,0.4.0,onnxruntime,base64,,1,1,4,770.56,770.6,5.105,6.941,8.223,5.178,0,3.003,346,21.13,4.76837158203125e-07,,
fixture,tiny_bert,downshift 0.4.0 base64,downshift_base64,0.4.0,onnxruntime,base64,,1,1,8,774.39,774.4,10.172,12.871,14.868,10.303,0,3.005,346,21.13,4.76837158203125e-07,,
fixture,tiny_bert,downshift 0.4.0 base64,downshift_base64,0.4.0,onnxruntime,base64,,1,1,16,770.01,770.0,20.558,23.849,26.458,20.663,0,3.014,346,21.13,4.76837158203125e-07,,
fixture,tiny_bert,downshift 0.4.0 base64,downshift_base64,0.4.0,onnxruntime,base64,,1,1,32,762.81,762.8,41.413,46.095,48.631,41.549,0,3.026,346,21.13,4.76837158203125e-07,,
fixture,tiny_bert,downshift 0.4.0 base64,downshift_base64,0.4.0,onnxruntime,base64,,1,1,64,681.47,681.5,83.38,94.134,369.122,91.595,0,3.07,346,21.13,4.76837158203125e-07,,
fixture,tiny_bert,downshift 0.4.0 base64,downshift_base64,0.4.0,onnxruntime,base64,,8,1,1,496.79,3974.3,1.972,2.678,3.402,2.006,0,3.001,1538,21.13,4.76837158203125e-07,,
fixture,tiny_bert,downshift 0.4.0 base64,downshift_base64,0.4.0,onnxruntime,base64,,8,1,8,702.01,5616.1,11.224,14.32,16.314,11.37,0,3.004,1538,21.13,4.76837158203125e-07,,
fixture,tiny_bert,downshift 0.4.0 base64,downshift_base64,0.4.0,onnxruntime,base64,,8,1,32,664.68,5317.4,47.022,52.853,65.252,47.517,0,3.038,1538,21.13,4.76837158203125e-07,,
fixture,tiny_bert,downshift 0.4.0 base64,downshift_base64,0.4.0,onnxruntime,base64,,32,1,1,337.43,10797.8,2.892,3.965,4.655,2.954,0,3.002,5636,21.13,4.76837158203125e-07,,
fixture,tiny_bert,downshift 0.4.0 base64,downshift_base64,0.4.0,onnxruntime,base64,,32,1,8,547.51,17520.3,15.802,21.09,24.476,14.55,0,3.006,5636,21.13,4.76837158203125e-07,,
fixture,tiny_bert,downshift 0.4.0 base64,downshift_base64,0.4.0,onnxruntime,base64,,32,1,32,548.72,17559.0,67.705,74.562,76.842,57.199,0,3.04,5636,21.13,4.76837158203125e-07,,
fixture,scatter_include_self_false,naive FastAPI + torch,naive_torch,,torch,json,,1,1,1,1071.29,1071.3,0.874,1.276,1.977,0.928,0,3.0,1062,3.82,0.0,,
fixture,scatter_include_self_false,naive FastAPI + torch,naive_torch,,torch,json,,1,1,2,1240.1,1240.1,1.427,2.149,3.182,1.606,0,3.001,1062,3.82,0.0,,
fixture,scatter_include_self_false,naive FastAPI + torch,naive_torch,,torch,json,,1,1,4,1257.01,1257.0,3.0,4.263,5.325,3.173,0,3.002,1062,3.82,0.0,,
fixture,scatter_include_self_false,naive FastAPI + torch,naive_torch,,torch,json,,1,1,8,1207.4,1207.4,6.51,8.866,10.373,6.608,0,3.004,1062,3.82,0.0,,
fixture,scatter_include_self_false,naive FastAPI + torch,naive_torch,,torch,json,,1,1,16,1219.78,1219.8,12.248,16.89,25.311,13.084,0,3.003,1062,3.82,0.0,,
fixture,scatter_include_self_false,naive FastAPI + torch,naive_torch,,torch,json,,1,1,32,1241.03,1241.0,23.753,29.112,119.731,25.612,0,3.007,1062,3.82,0.0,,
fixture,scatter_include_self_false,naive FastAPI + torch,naive_torch,,torch,json,,1,1,64,1069.86,1069.9,55.676,66.752,163.841,59.214,0,3.028,1062,3.82,0.0,,
fixture,scatter_include_self_false,naive FastAPI + torch,naive_torch,,torch,json,,8,1,1,772.2,6177.6,1.224,1.796,2.522,1.288,0,3.001,8202,3.82,0.0,,
fixture,scatter_include_self_false,naive FastAPI + torch,naive_torch,,torch,json,,8,1,8,1016.09,8128.7,8.447,11.893,13.391,7.847,0,3.005,8202,3.82,0.0,,
fixture,scatter_include_self_false,naive FastAPI + torch,naive_torch,,torch,json,,8,1,32,909.79,7278.3,36.988,43.521,147.477,34.76,0,3.045,8202,3.82,0.0,,
fixture,scatter_include_self_false,naive FastAPI + torch,naive_torch,,torch,json,,32,1,1,474.24,15175.7,2.03,2.953,3.655,2.1,0,3.001,32706,3.82,0.0,,
fixture,scatter_include_self_false,naive FastAPI + torch,naive_torch,,torch,json,,32,1,8,537.69,17206.1,16.154,21.849,25.116,14.809,0,3.005,32706,3.82,0.0,,
fixture,scatter_include_self_false,naive FastAPI + torch,naive_torch,,torch,json,,32,1,32,740.83,23706.6,37.919,75.931,145.693,42.46,0,3.029,32706,3.82,0.0,,
fixture,scatter_include_self_false,naive FastAPI + ONNX Runtime,naive_onnx,,onnx,json,,1,1,1,1013.61,1013.6,0.925,1.381,2.066,0.98,0,3.0,1062,9.78,0.7941701263189316,,
fixture,scatter_include_self_false,naive FastAPI + ONNX Runtime,naive_onnx,,onnx,json,,1,1,2,1229.8,1229.8,1.39,2.135,8.03,1.619,0,3.0,1062,9.78,0.7941701263189316,,
fixture,scatter_include_self_false,naive FastAPI + ONNX Runtime,naive_onnx,,onnx,json,,1,1,4,1162.3,1162.3,2.668,4.895,23.242,3.43,0,3.021,1062,9.78,0.7941701263189316,,
fixture,scatter_include_self_false,naive FastAPI + ONNX Runtime,naive_onnx,,onnx,json,,1,1,8,1355.08,1355.1,5.719,8.004,10.761,5.886,0,3.003,1062,9.78,0.7941701263189316,,
fixture,scatter_include_self_false,naive FastAPI + ONNX Runtime,naive_onnx,,onnx,json,,1,1,16,1326.51,1326.5,11.936,15.182,18.02,12.023,0,3.006,1062,9.78,0.7941701263189316,,
fixture,scatter_include_self_false,naive FastAPI + ONNX Runtime,naive_onnx,,onnx,json,,1,1,32,1197.98,1198.0,24.328,30.919,34.367,26.56,0,3.007,1062,9.78,0.7941701263189316,,
fixture,scatter_include_self_false,naive FastAPI + ONNX Runtime,naive_onnx,,onnx,json,,1,1,64,1184.92,1184.9,49.606,61.824,256.008,53.135,0,3.026,1062,9.78,0.7941701263189316,,
fixture,scatter_include_self_false,naive FastAPI + ONNX Runtime,naive_onnx,,onnx,json,,8,1,1,814.3,6514.4,1.153,1.72,2.381,1.222,0,3.001,8202,9.78,1.200711955636507,,
fixture,scatter_include_self_false,naive FastAPI + ONNX Runtime,naive_onnx,,onnx,json,,8,1,8,1212.82,9702.6,6.493,10.291,27.029,6.577,0,3.002,8202,9.78,1.200711955636507,,
fixture,scatter_include_self_false,naive FastAPI + ONNX Runtime,naive_onnx,,onnx,json,,8,1,32,1097.87,8783.0,27.22,40.806,233.112,28.913,0,3.016,8202,9.78,1.200711955636507,,
fixture,scatter_include_self_false,naive FastAPI + ONNX Runtime,naive_onnx,,onnx,json,,32,1,1,485.84,15546.9,1.931,3.042,3.618,2.05,0,3.003,32706,9.78,1.126916117966175,,
fixture,scatter_include_self_false,naive FastAPI + ONNX Runtime,naive_onnx,,onnx,json,,32,1,8,581.68,18613.8,13.68,23.353,35.636,13.725,0,3.033,32706,9.78,1.126916117966175,,
fixture,scatter_include_self_false,naive FastAPI + ONNX Runtime,naive_onnx,,onnx,json,,32,1,32,522.39,16716.5,61.169,80.502,273.855,60.425,0,3.023,32706,9.78,1.126916117966175,,
fixture,scatter_include_self_false,"naive torch, async def",naive_torch_async,,torch,json,,1,1,1,1450.27,1450.3,0.63,1.011,1.539,0.684,0,3.0,1062,4.56,0.0,,
fixture,scatter_include_self_false,"naive torch, async def",naive_torch_async,,torch,json,,1,1,2,1878.8,1878.8,1.011,1.455,2.03,1.059,0,3.001,1062,4.56,0.0,,
fixture,scatter_include_self_false,"naive torch, async def",naive_torch_async,,torch,json,,1,1,4,1951.48,1951.5,1.997,2.679,3.348,2.043,0,3.001,1062,4.56,0.0,,
fixture,scatter_include_self_false,"naive torch, async def",naive_torch_async,,torch,json,,1,1,8,1936.07,1936.1,3.931,5.766,6.336,4.119,0,3.002,1062,4.56,0.0,,
fixture,scatter_include_self_false,"naive torch, async def",naive_torch_async,,torch,json,,1,1,16,2098.23,2098.2,7.463,9.694,10.703,7.604,0,3.005,1062,4.56,0.0,,
fixture,scatter_include_self_false,"naive torch, async def",naive_torch_async,,torch,json,,1,1,32,2036.03,2036.0,15.183,19.081,20.817,15.647,0,3.009,1062,4.56,0.0,,
fixture,scatter_include_self_false,"naive torch, async def",naive_torch_async,,torch,json,,1,1,64,1976.45,1976.5,31.418,37.532,42.556,32.091,0,3.023,1062,4.56,0.0,,
fixture,scatter_include_self_false,downshift 0.5.0,downshift,0.5.0,torch,json,,1,1,1,941.5,941.5,0.996,1.471,2.259,1.056,0,3.001,1062,8.48,2.7714538552991996e-08,,
fixture,scatter_include_self_false,downshift 0.5.0,downshift,0.5.0,torch,json,,1,1,2,1076.42,1076.4,1.779,2.51,3.2,1.851,0,3.001,1062,8.48,2.7714538552991996e-08,,
fixture,scatter_include_self_false,downshift 0.5.0,downshift,0.5.0,torch,json,,1,1,4,1015.48,1015.5,3.798,5.214,5.928,3.928,0,3.003,1062,8.48,2.7714538552991996e-08,,
fixture,scatter_include_self_false,downshift 0.5.0,downshift,0.5.0,torch,json,,1,1,8,1011.3,1011.3,7.709,9.834,10.883,7.892,0,3.002,1062,8.48,2.7714538552991996e-08,,
fixture,scatter_include_self_false,downshift 0.5.0,downshift,0.5.0,torch,json,,1,1,16,1003.21,1003.2,15.588,18.829,20.588,15.883,0,3.008,1062,8.48,2.7714538552991996e-08,,
fixture,scatter_include_self_false,downshift 0.5.0,downshift,0.5.0,torch,json,,1,1,32,979.25,979.2,32.319,36.764,38.605,32.382,0,3.014,1062,8.48,2.7714538552991996e-08,,
fixture,scatter_include_self_false,downshift 0.5.0,downshift,0.5.0,torch,json,,1,1,64,971.95,972.0,64.783,72.543,75.735,64.665,0,3.032,1062,8.48,2.7714538552991996e-08,,
fixture,scatter_include_self_false,downshift 0.5.0,downshift,0.5.0,torch,json,,8,1,1,778.94,6231.5,1.21,1.732,2.584,1.277,0,3.0,8202,8.48,4.390029895162684e-09,,
fixture,scatter_include_self_false,downshift 0.5.0,downshift,0.5.0,torch,json,,8,1,8,1123.7,8989.6,7.944,10.044,10.939,7.1,0,3.003,8202,8.48,4.390029895162684e-09,,
fixture,scatter_include_self_false,downshift 0.5.0,downshift,0.5.0,torch,json,,8,1,32,1099.54,8796.3,33.28,38.61,40.475,28.898,0,3.015,8202,8.48,4.390029895162684e-09,,
fixture,scatter_include_self_false,downshift 0.5.0,downshift,0.5.0,torch,json,,32,1,1,650.94,20830.1,1.481,1.961,2.751,1.529,0,3.0,32706,8.48,1.1387252807359971e-08,,
fixture,scatter_include_self_false,downshift 0.5.0,downshift,0.5.0,torch,json,,32,1,8,906.94,29022.1,9.835,12.464,13.668,8.797,0,3.005,32706,8.48,1.1387252807359971e-08,,
fixture,scatter_include_self_false,downshift 0.5.0,downshift,0.5.0,torch,json,,32,1,32,891.09,28514.9,40.696,46.105,47.825,35.583,0,3.017,32706,8.48,1.1387252807359971e-08,,
fixture,scatter_include_self_false,downshift 0.5.0 base64,downshift_base64,0.5.0,torch,base64,,1,1,1,910.41,910.4,1.034,1.52,2.223,1.092,0,3.001,478,8.37,0.0,,
fixture,scatter_include_self_false,downshift 0.5.0 base64,downshift_base64,0.5.0,torch,base64,,1,1,2,1056.68,1056.7,1.81,2.582,3.296,1.886,0,3.001,478,8.37,0.0,,
fixture,scatter_include_self_false,downshift 0.5.0 base64,downshift_base64,0.5.0,torch,base64,,1,1,4,999.62,999.6,3.885,5.221,6.02,3.991,0,3.001,478,8.37,0.0,,
fixture,scatter_include_self_false,downshift 0.5.0 base64,downshift_base64,0.5.0,torch,base64,,1,1,8,996.61,996.6,7.869,9.868,10.74,8.007,0,3.002,478,8.37,0.0,,
fixture,scatter_include_self_false,downshift 0.5.0 base64,downshift_base64,0.5.0,torch,base64,,1,1,16,961.41,961.4,16.201,20.096,21.977,16.588,0,3.007,478,8.37,0.0,,
fixture,scatter_include_self_false,downshift 0.5.0 base64,downshift_base64,0.5.0,torch,base64,,1,1,32,962.05,962.0,32.914,37.224,39.103,33.015,0,3.015,478,8.37,0.0,,
fixture,scatter_include_self_false,downshift 0.5.0 base64,downshift_base64,0.5.0,torch,base64,,1,1,64,933.0,933.0,67.571,74.949,80.17,67.527,0,3.031,478,8.37,0.0,,
fixture,scatter_include_self_false,downshift 0.5.0 base64,downshift_base64,0.5.0,torch,base64,,8,1,1,824.51,6596.1,1.153,1.567,2.328,1.206,0,3.001,2720,8.37,0.0,,
fixture,scatter_include_self_false,downshift 0.5.0 base64,downshift_base64,0.5.0,torch,base64,,8,1,8,967.39,7739.1,8.086,10.006,11.095,8.253,0,3.003,2720,8.37,0.0,,
fixture,scatter_include_self_false,downshift 0.5.0 base64,downshift_base64,0.5.0,torch,base64,,8,1,32,953.63,7629.0,33.079,37.094,38.616,33.249,0,3.02,2720,8.37,0.0,,
fixture,scatter_include_self_false,downshift 0.5.0 base64,downshift_base64,0.5.0,torch,base64,,32,1,1,819.81,26233.9,1.16,1.553,2.328,1.213,0,3.001,10402,8.37,0.0,,
fixture,scatter_include_self_false,downshift 0.5.0 base64,downshift_base64,0.5.0,torch,base64,,32,1,8,1144.5,36624.0,7.767,9.877,10.867,6.971,0,3.003,10402,8.37,0.0,,
fixture,scatter_include_self_false,downshift 0.5.0 base64,downshift_base64,0.5.0,torch,base64,,32,1,32,1121.48,35887.4,32.456,37.072,38.557,28.249,0,3.015,10402,8.37,0.0,,
fixture,scatter_include_self_false,downshift 0.5.0 safetensors,downshift_safetensors,0.5.0,torch,safetensors,,1,1,1,893.25,893.2,1.056,1.52,2.284,1.113,0,3.0,376,8.45,0.0,,
fixture,scatter_include_self_false,downshift 0.5.0 safetensors,downshift_safetensors,0.5.0,torch,safetensors,,1,1,2,1051.64,1051.6,1.815,2.573,3.305,1.894,0,3.001,376,8.45,0.0,,
fixture,scatter_include_self_false,downshift 0.5.0 safetensors,downshift_safetensors,0.5.0,torch,safetensors,,1,1,4,958.98,959.0,3.954,5.69,7.939,4.161,0,3.002,376,8.45,0.0,,
fixture,scatter_include_self_false,downshift 0.5.0 safetensors,downshift_safetensors,0.5.0,torch,safetensors,,1,1,8,980.48,980.5,7.912,10.267,11.513,8.138,0,3.003,376,8.45,0.0,,
fixture,scatter_include_self_false,downshift 0.5.0 safetensors,downshift_safetensors,0.5.0,torch,safetensors,,1,1,16,964.12,964.1,16.193,20.12,20.99,16.531,0,3.009,376,8.45,0.0,,
fixture,scatter_include_self_false,downshift 0.5.0 safetensors,downshift_safetensors,0.5.0,torch,safetensors,,1,1,32,949.19,949.2,33.205,37.978,39.389,33.421,0,3.013,376,8.45,0.0,,
fixture,scatter_include_self_false,downshift 0.5.0 safetensors,downshift_safetensors,0.5.0,torch,safetensors,,1,1,64,929.0,929.0,68.268,72.499,75.562,67.704,0,3.034,376,8.45,0.0,,
fixture,scatter_include_self_false,downshift 0.5.0 safetensors,downshift_safetensors,0.5.0,torch,safetensors,,8,1,1,765.62,6125.0,1.227,1.832,2.548,1.299,0,3.001,2056,8.45,0.0,,
fixture,scatter_include_self_false,downshift 0.5.0 safetensors,downshift_safetensors,0.5.0,torch,safetensors,,8,1,8,947.23,7577.8,8.291,10.235,11.229,8.42,0,3.004,2056,8.45,0.0,,
fixture,scatter_include_self_false,downshift 0.5.0 safetensors,downshift_safetensors,0.5.0,torch,safetensors,,8,1,32,922.9,7383.2,34.236,38.554,39.785,34.396,0,3.018,2056,8.45,0.0,,
fixture,scatter_include_self_false,downshift 0.5.0 safetensors,downshift_safetensors,0.5.0,torch,safetensors,,32,1,1,796.52,25488.6,1.188,1.663,2.455,1.249,0,3.001,7824,8.45,0.0,,
fixture,scatter_include_self_false,downshift 0.5.0 safetensors,downshift_safetensors,0.5.0,torch,safetensors,,32,1,8,1123.67,35957.4,7.88,10.085,11.122,7.098,0,3.004,7824,8.45,0.0,,
fixture,scatter_include_self_false,downshift 0.5.0 safetensors,downshift_safetensors,0.5.0,torch,safetensors,,32,1,32,1114.62,35667.8,32.775,37.829,39.173,28.514,0,3.016,7824,8.45,0.0,,
fixture,scatter_include_self_false,downshift 0.5.0 --execution inline,downshift_inline,0.5.0,torch,json,,1,1,1,1329.15,1329.2,0.683,1.139,1.603,0.747,0,3.0,1062,8.44,2.7714538552991996e-08,,
fixture,scatter_include_self_false,downshift 0.5.0 --execution inline,downshift_inline,0.5.0,torch,json,,1,1,2,1474.42,1474.4,1.307,1.765,2.433,1.351,0,3.001,1062,8.44,2.7714538552991996e-08,,
fixture,scatter_include_self_false,downshift 0.5.0 --execution inline,downshift_inline,0.5.0,torch,json,,1,1,4,1504.51,1504.5,2.585,3.452,4.314,2.651,0,3.001,1062,8.44,2.7714538552991996e-08,,
fixture,scatter_include_self_false,downshift 0.5.0 --execution inline,downshift_inline,0.5.0,torch,json,,1,1,8,1532.11,1532.1,5.033,6.912,7.785,5.205,0,3.002,1062,8.44,2.7714538552991996e-08,,
fixture,scatter_include_self_false,downshift 0.5.0 --execution inline,downshift_inline,0.5.0,torch,json,,1,1,16,1545.36,1545.4,9.963,12.588,14.971,10.306,0,3.008,1062,8.44,2.7714538552991996e-08,,
fixture,scatter_include_self_false,downshift 0.5.0 --execution inline,downshift_inline,0.5.0,torch,json,,1,1,32,1528.48,1528.5,20.248,24.75,26.645,20.813,0,3.015,1062,8.44,2.7714538552991996e-08,,
fixture,scatter_include_self_false,downshift 0.5.0 --execution inline,downshift_inline,0.5.0,torch,json,,1,1,64,1508.6,1508.6,40.971,52.018,55.526,42.052,0,3.018,1062,8.44,2.7714538552991996e-08,,
fixture,scatter_include_self_false,downshift 0.5.0 --execution inline,downshift_inline,0.5.0,torch,json,,8,1,1,1115.85,8926.8,0.84,1.186,1.624,0.89,0,3.0,8202,8.44,4.390029895162684e-09,,
fixture,scatter_include_self_false,downshift 0.5.0 --execution inline,downshift_inline,0.5.0,torch,json,,8,1,8,1390.64,11125.1,6.539,7.901,8.726,5.738,0,3.002,8202,8.44,4.390029895162684e-09,,
fixture,scatter_include_self_false,downshift 0.5.0 --execution inline,downshift_inline,0.5.0,torch,json,,8,1,32,1415.4,11323.2,25.385,29.074,30.279,22.461,0,3.015,8202,8.44,4.390029895162684e-09,,
fixture,scatter_include_self_false,downshift 0.5.0 --execution inline,downshift_inline,0.5.0,torch,json,,32,1,1,851.8,27257.6,1.124,1.533,2.008,1.168,0,3.001,32706,8.44,1.1387252807359971e-08,,
fixture,scatter_include_self_false,downshift 0.5.0 --execution inline,downshift_inline,0.5.0,torch,json,,32,1,8,1030.53,32977.0,8.884,10.54,11.756,7.739,0,3.004,32706,8.44,1.1387252807359971e-08,,
fixture,scatter_include_self_false,downshift 0.5.0 --execution inline,downshift_inline,0.5.0,torch,json,,32,1,32,1021.84,32698.9,35.181,39.994,44.075,31.059,0,3.019,32706,8.44,1.1387252807359971e-08,,
fixture,scatter_include_self_false,downshift 0.4.0,downshift,0.4.0,torch,json,,1,1,1,806.87,806.9,1.158,1.779,2.578,1.233,0,3.0,1062,8.31,2.7714538552991996e-08,,
fixture,scatter_include_self_false,downshift 0.4.0,downshift,0.4.0,torch,json,,1,1,2,893.08,893.1,2.041,3.01,4.247,2.232,0,3.001,1062,8.31,2.7714538552991996e-08,,
fixture,scatter_include_self_false,downshift 0.4.0,downshift,0.4.0,torch,json,,1,1,4,933.38,933.4,4.025,5.8,13.464,4.275,0,3.002,1062,8.31,2.7714538552991996e-08,,
fixture,scatter_include_self_false,downshift 0.4.0,downshift,0.4.0,torch,json,,1,1,8,940.31,940.3,8.152,11.102,18.505,8.488,0,3.004,1062,8.31,2.7714538552991996e-08,,
fixture,scatter_include_self_false,downshift 0.4.0,downshift,0.4.0,torch,json,,1,1,16,930.07,930.1,16.536,21.767,28.32,17.129,0,3.008,1062,8.31,2.7714538552991996e-08,,
fixture,scatter_include_self_false,downshift 0.4.0,downshift,0.4.0,torch,json,,1,1,32,925.15,925.1,33.483,41.552,51.024,34.293,0,3.019,1062,8.31,2.7714538552991996e-08,,
fixture,scatter_include_self_false,downshift 0.4.0,downshift,0.4.0,torch,json,,1,1,64,842.15,842.1,71.097,80.007,254.06,74.813,0,3.035,1062,8.31,2.7714538552991996e-08,,
fixture,scatter_include_self_false,downshift 0.4.0,downshift,0.4.0,torch,json,,8,1,1,696.5,5572.0,1.355,1.957,2.639,1.429,0,3.001,8202,8.31,4.390029895162684e-09,,
fixture,scatter_include_self_false,downshift 0.4.0,downshift,0.4.0,torch,json,,8,1,8,1024.2,8193.6,8.497,11.621,13.066,7.786,0,3.004,8202,8.31,4.390029895162684e-09,,
fixture,scatter_include_self_false,downshift 0.4.0,downshift,0.4.0,torch,json,,8,1,32,960.21,7681.7,36.415,44.676,46.951,32.853,0,3.018,8202,8.31,4.390029895162684e-09,,
fixture,scatter_include_self_false,downshift 0.4.0,downshift,0.4.0,torch,json,,32,1,1,555.54,17777.3,1.696,2.556,3.33,1.793,0,3.001,32706,8.31,1.1387252807359971e-08,,
fixture,scatter_include_self_false,downshift 0.4.0,downshift,0.4.0,torch,json,,32,1,8,778.05,24897.6,10.782,15.807,17.97,10.198,0,3.004,32706,8.31,1.1387252807359971e-08,,
fixture,scatter_include_self_false,downshift 0.4.0,downshift,0.4.0,torch,json,,32,1,32,677.94,21694.1,47.22,57.442,246.806,46.144,0,3.027,32706,8.31,1.1387252807359971e-08,,
fixture,scatter_include_self_false,downshift 0.4.0 base64,downshift_base64,0.4.0,torch,base64,,1,1,1,781.81,781.8,1.177,1.895,2.551,1.273,0,3.001,478,8.28,0.0,,
fixture,scatter_include_self_false,downshift 0.4.0 base64,downshift_base64,0.4.0,torch,base64,,1,1,2,894.57,894.6,2.064,3.145,3.896,2.227,0,3.001,478,8.28,0.0,,
fixture,scatter_include_self_false,downshift 0.4.0 base64,downshift_base64,0.4.0,torch,base64,,1,1,4,896.56,896.6,4.165,6.126,13.31,4.45,0,3.001,478,8.28,0.0,,
fixture,scatter_include_self_false,downshift 0.4.0 base64,downshift_base64,0.4.0,torch,base64,,1,1,8,897.05,897.0,8.456,11.981,19.443,8.892,0,3.007,478,8.28,0.0,,
fixture,scatter_include_self_false,downshift 0.4.0 base64,downshift_base64,0.4.0,torch,base64,,1,1,16,899.93,899.9,16.957,22.964,35.595,17.716,0,3.008,478,8.28,0.0,,
fixture,scatter_include_self_false,downshift 0.4.0 base64,downshift_base64,0.4.0,torch,base64,,1,1,32,878.72,878.7,35.626,42.789,49.608,36.093,0,3.024,478,8.28,0.0,,
fixture,scatter_include_self_false,downshift 0.4.0 base64,downshift_base64,0.4.0,torch,base64,,1,1,64,877.74,877.7,72.327,81.091,88.928,71.668,0,3.045,478,8.28,0.0,,
fixture,scatter_include_self_false,downshift 0.4.0 base64,downshift_base64,0.4.0,torch,base64,,8,1,1,706.15,5649.2,1.339,1.944,2.71,1.409,0,3.001,2720,8.28,0.0,,
fixture,scatter_include_self_false,downshift 0.4.0 base64,downshift_base64,0.4.0,torch,base64,,8,1,8,897.96,7183.7,8.624,11.621,14.072,8.874,0,3.006,2720,8.28,0.0,,
fixture,scatter_include_self_false,downshift 0.4.0 base64,downshift_base64,0.4.0,torch,base64,,8,1,32,869.95,6959.6,35.987,42.492,45.205,36.429,0,3.027,2720,8.28,0.0,,
fixture,scatter_include_self_false,downshift 0.4.0 base64,downshift_base64,0.4.0,torch,base64,,32,1,1,703.99,22527.7,1.347,1.928,2.623,1.414,0,3.001,10402,8.28,0.0,,
fixture,scatter_include_self_false,downshift 0.4.0 base64,downshift_base64,0.4.0,torch,base64,,32,1,8,1049.5,33584.0,8.159,11.016,12.854,7.602,0,3.003,10402,8.28,0.0,,
fixture,scatter_include_self_false,downshift 0.4.0 base64,downshift_base64,0.4.0,torch,base64,,32,1,32,1055.07,33762.2,34.289,40.736,43.286,30.048,0,3.018,10402,8.28,0.0,,
fixture,mlp_large,naive FastAPI + torch,naive_torch,,torch,json,,1,1,1,375.1,375.1,2.42,4.459,6.158,2.654,0,3.002,10597,4.54,0.0,,
fixture,mlp_large,naive FastAPI + torch,naive_torch,,torch,json,,1,1,2,429.85,429.9,4.579,7.14,8.597,4.636,0,3.001,10597,4.54,0.0,,
fixture,mlp_large,naive FastAPI + torch,naive_torch,,torch,json,,1,1,4,678.99,679.0,5.767,8.737,10.508,5.87,0,3.002,10597,4.54,0.0,,
fixture,mlp_large,naive FastAPI + torch,naive_torch,,torch,json,,1,1,8,728.81,728.8,11.258,16.483,21.3,10.931,0,3.005,10597,4.54,0.0,,
fixture,mlp_large,naive FastAPI + torch,naive_torch,,torch,json,,1,1,16,795.13,795.1,21.541,29.881,33.428,20.016,0,3.013,10597,4.54,0.0,,
fixture,mlp_large,naive FastAPI + torch,naive_torch,,torch,json,,1,1,32,789.79,789.8,42.195,53.385,137.605,40.024,0,3.02,10597,4.54,0.0,,
fixture,mlp_large,naive FastAPI + torch,naive_torch,,torch,json,,1,1,64,723.23,723.2,98.071,113.101,182.01,85.652,0,3.05,10597,4.54,0.0,,
fixture,mlp_large,naive FastAPI + torch,naive_torch,,torch,json,,8,1,1,142.58,1140.6,6.966,8.427,9.606,7.002,0,3.002,84583,4.54,0.0,,
fixture,mlp_large,naive FastAPI + torch,naive_torch,,torch,json,,8,1,8,204.25,1634.0,44.826,55.362,59.316,38.858,0,3.016,84583,4.54,0.0,,
fixture,mlp_large,naive FastAPI + torch,naive_torch,,torch,json,,8,1,32,210.28,1682.2,164.314,196.462,211.298,147.073,0,3.072,84583,4.54,0.0,,
fixture,mlp_large,naive FastAPI + torch,naive_torch,,torch,json,,32,1,1,48.55,1553.6,19.403,32.019,43.537,20.483,0,3.007,338169,4.54,0.0,,
fixture,mlp_large,naive FastAPI + torch,naive_torch,,torch,json,,32,1,8,65.36,2091.5,135.898,161.68,169.683,118.549,0,3.06,338169,4.54,0.0,,
fixture,mlp_large,naive FastAPI + torch,naive_torch,,torch,json,,32,1,32,61.81,1977.9,559.088,602.715,671.299,474.645,0,3.236,338169,4.54,0.0,,
fixture,mlp_large,naive FastAPI + ONNX Runtime,naive_onnx,,onnx,json,,1,1,1,525.99,526.0,1.814,2.679,3.345,1.891,0,3.0,10597,8.34,2.5331974029541016e-07,,
fixture,mlp_large,naive FastAPI + ONNX Runtime,naive_onnx,,onnx,json,,1,1,2,611.6,611.6,3.178,4.277,5.712,3.257,0,3.002,10597,8.34,2.5331974029541016e-07,,
fixture,mlp_large,naive FastAPI + ONNX Runtime,naive_onnx,,onnx,json,,1,1,4,865.19,865.2,4.613,6.532,8.096,4.606,0,3.002,10597,8.34,2.5331974029541016e-07,,
fixture,mlp_large,naive FastAPI + ONNX Runtime,naive_onnx,,onnx,json,,1,1,8,892.33,892.3,9.089,13.305,26.846,8.941,0,3.003,10597,8.34,2.5331974029541016e-07,,
fixture,mlp_large,naive FastAPI + ONNX Runtime,naive_onnx,,onnx,json,,1,1,16,876.5,876.5,20.516,26.412,28.704,18.164,0,3.006,10597,8.34,2.5331974029541016e-07,,
fixture,mlp_large,naive FastAPI + ONNX Runtime,naive_onnx,,onnx,json,,1,1,32,870.48,870.5,40.58,50.209,53.558,36.322,0,3.017,10597,8.34,2.5331974029541016e-07,,
fixture,mlp_large,naive FastAPI + ONNX Runtime,naive_onnx,,onnx,json,,1,1,64,813.35,813.4,90.744,100.874,106.284,77.067,0,3.043,10597,8.34,2.5331974029541016e-07,,
fixture,mlp_large,naive FastAPI + ONNX Runtime,naive_onnx,,onnx,json,,8,1,1,209.87,1679.0,4.665,6.226,7.125,4.75,0,3.002,84583,8.34,1.9371509552001953e-07,,
fixture,mlp_large,naive FastAPI + ONNX Runtime,naive_onnx,,onnx,json,,8,1,8,250.87,2007.0,35.7,44.541,47.103,31.724,0,3.014,84583,8.34,1.9371509552001953e-07,,
fixture,mlp_large,naive FastAPI + ONNX Runtime,naive_onnx,,onnx,json,,8,1,32,250.37,2003.0,146.369,157.161,161.32,123.764,0,3.064,84583,8.34,1.9371509552001953e-07,,
fixture,mlp_large,naive FastAPI + ONNX Runtime,naive_onnx,,onnx,json,,32,1,1,55.04,1761.3,17.028,28.787,40.431,18.075,0,3.016,338169,8.34,2.086162567138672e-07,,
fixture,mlp_large,naive FastAPI + ONNX Runtime,naive_onnx,,onnx,json,,32,1,8,74.65,2388.8,120.85,136.909,143.824,105.74,0,3.054,338169,8.34,2.086162567138672e-07,,
fixture,mlp_large,naive FastAPI + ONNX Runtime,naive_onnx,,onnx,json,,32,1,32,68.88,2204.2,481.109,507.79,538.845,419.353,0,3.237,338169,8.34,2.086162567138672e-07,,
fixture,mlp_large,"naive torch, async def",naive_torch_async,,torch,json,,1,1,1,453.49,453.5,2.019,3.417,5.133,2.194,0,3.003,10597,3.82,0.0,,
fixture,mlp_large,"naive torch, async def",naive_torch_async,,torch,json,,1,1,2,506.57,506.6,3.83,5.912,7.776,3.933,0,3.001,10597,3.82,0.0,,
fixture,mlp_large,"naive torch, async def",naive_torch_async,,torch,json,,1,1,4,576.1,576.1,7.458,10.929,14.062,6.926,0,3.003,10597,3.82,0.0,,
fixture,mlp_large,"naive torch, async def",naive_torch_async,,torch,json,,1,1,8,577.42,577.4,15.03,21.101,24.449,13.802,0,3.005,10597,3.82,0.0,,
fixture,mlp_large,"naive torch, async def",naive_torch_async,,torch,json,,1,1,16,575.11,575.1,30.115,40.41,45.103,27.442,0,3.015,10597,3.82,0.0,,
fixture,mlp_large,"naive torch, async def",naive_torch_async,,torch,json,,1,1,32,577.78,577.8,61.569,76.131,84.439,54.639,0,3.031,10597,3.82,0.0,,
fixture,mlp_large,"naive torch, async def",naive_torch_async,,torch,json,,1,1,64,585.41,585.4,124.682,137.851,143.084,106.096,0,3.059,10597,3.82,0.0,,
fixture,mlp_large,downshift 0.5.0,downshift,0.5.0,onnxruntime,json,,1,1,1,470.29,470.3,2.0,2.921,3.636,2.116,0,3.0,10597,8.89,2.576781845120557e-07,,
fixture,mlp_large,downshift 0.5.0,downshift,0.5.0,onnxruntime,json,,1,1,2,629.79,629.8,3.124,4.262,4.875,3.158,0,3.001,10597,8.89,2.576781845120557e-07,,
fixture,mlp_large,downshift 0.5.0,downshift,0.5.0,onnxruntime,json,,1,1,4,749.62,749.6,5.753,7.804,8.678,5.318,0,3.003,10597,8.89,2.576781845120557e-07,,
fixture,mlp_large,downshift 0.5.0,downshift,0.5.0,onnxruntime,json,,1,1,8,784.82,784.8,11.146,14.73,16.318,10.145,0,3.006,10597,8.89,2.576781845120557e-07,,
fixture,mlp_large,downshift 0.5.0,downshift,0.5.0,onnxruntime,json,,1,1,16,796.23,796.2,22.197,27.952,29.901,19.993,0,3.01,10597,8.89,2.576781845120557e-07,,
fixture,mlp_large,downshift 0.5.0,downshift,0.5.0,onnxruntime,json,,1,1,32,814.57,814.6,43.937,53.775,56.425,38.873,0,3.022,10597,8.89,2.576781845120557e-07,,
fixture,mlp_large,downshift 0.5.0,downshift,0.5.0,onnxruntime,json,,1,1,64,750.98,751.0,89.303,108.97,322.435,83.439,0,3.049,10597,8.89,2.576781845120557e-07,,
fixture,mlp_large,downshift 0.5.0,downshift,0.5.0,onnxruntime,json,,8,1,1,304.78,2438.2,3.108,4.445,5.419,3.268,0,3.002,84583,8.89,1.9345373916679343e-07,,
fixture,mlp_large,downshift 0.5.0,downshift,0.5.0,onnxruntime,json,,8,1,8,496.96,3975.7,17.703,23.365,25.484,16.014,0,3.008,84583,8.89,1.9345373916679343e-07,,
fixture,mlp_large,downshift 0.5.0,downshift,0.5.0,onnxruntime,json,,8,1,32,496.53,3972.2,72.874,85.272,89.283,63.25,0,3.037,84583,8.89,1.9345373916679343e-07,,
fixture,mlp_large,downshift 0.5.0,downshift,0.5.0,onnxruntime,json,,32,1,1,120.65,3860.8,8.032,9.72,15.162,8.273,0,3.0,338169,8.89,2.1631050112214112e-07,,
fixture,mlp_large,downshift 0.5.0,downshift,0.5.0,onnxruntime,json,,32,1,8,205.93,6589.8,44.283,52.496,57.259,38.551,0,3.011,338169,8.89,2.1631050112214112e-07,,
fixture,mlp_large,downshift 0.5.0,downshift,0.5.0,onnxruntime,json,,32,1,32,196.41,6285.1,182.616,200.933,209.84,156.189,0,3.08,338169,8.89,2.1631050112214112e-07,,
fixture,mlp_large,downshift 0.5.0 base64,downshift_base64,0.5.0,onnxruntime,base64,,1,1,1,479.8,479.8,1.962,2.924,3.694,2.073,0,3.001,2831,8.53,2.5331974029541016e-07,,
fixture,mlp_large,downshift 0.5.0 base64,downshift_base64,0.5.0,onnxruntime,base64,,1,1,2,631.35,631.4,3.044,4.188,4.857,3.152,0,3.001,2831,8.53,2.5331974029541016e-07,,
fixture,mlp_large,downshift 0.5.0 base64,downshift_base64,0.5.0,onnxruntime,base64,,1,1,4,634.19,634.2,6.204,7.794,8.458,6.287,0,3.004,2831,8.53,2.5331974029541016e-07,,
fixture,mlp_large,downshift 0.5.0 base64,downshift_base64,0.5.0,onnxruntime,base64,,1,1,8,641.21,641.2,12.335,14.873,16.034,12.429,0,3.005,2831,8.53,2.5331974029541016e-07,,
fixture,mlp_large,downshift 0.5.0 base64,downshift_base64,0.5.0,onnxruntime,base64,,1,1,16,652.47,652.5,24.289,28.321,30.003,24.371,0,3.015,2831,8.53,2.5331974029541016e-07,,
fixture,mlp_large,downshift 0.5.0 base64,downshift_base64,0.5.0,onnxruntime,base64,,1,1,32,668.93,668.9,47.268,52.867,55.237,47.302,0,3.026,2831,8.53,2.5331974029541016e-07,,
fixture,mlp_large,downshift 0.5.0 base64,downshift_base64,0.5.0,onnxruntime,base64,,1,1,64,619.38,619.4,94.991,103.737,302.587,101.3,0,3.048,2831,8.53,2.5331974029541016e-07,,
fixture,mlp_large,downshift 0.5.0 base64,downshift_base64,0.5.0,onnxruntime,base64,,8,1,1,445.53,3564.2,2.118,3.065,3.957,2.235,0,3.001,21947,8.53,1.9371509552001953e-07,,
fixture,mlp_large,downshift 0.5.0 base64,downshift_base64,0.5.0,onnxruntime,base64,,8,1,8,787.56,6300.5,11.42,14.712,15.977,10.118,0,3.004,21947,8.53,1.9371509552001953e-07,,
fixture,mlp_large,downshift 0.5.0 base64,downshift_base64,0.5.0,onnxruntime,base64,,8,1,32,821.05,6568.4,44.014,53.298,54.937,38.555,0,3.025,21947,8.53,1.9371509552001953e-07,,
fixture,mlp_large,downshift 0.5.0 base64,downshift_base64,0.5.0,onnxruntime,base64,,32,1,1,234.47,7503.0,4.136,5.261,6.049,4.248,0,3.003,87484,8.53,2.086162567138672e-07,,
fixture,mlp_large,downshift 0.5.0 base64,downshift_base64,0.5.0,onnxruntime,base64,,32,1,8,447.56,14321.9,21.061,24.429,25.898,17.803,0,3.01,87484,8.53,2.086162567138672e-07,,
fixture,mlp_large,downshift 0.5.0 base64,downshift_base64,0.5.0,onnxruntime,base64,,32,1,32,434.08,13890.6,87.45,91.419,92.548,72.124,0,3.039,87484,8.53,2.086162567138672e-07,,
fixture,mlp_large,downshift 0.5.0 safetensors,downshift_safetensors,0.5.0,onnxruntime,safetensors,,1,1,1,488.11,488.1,1.922,2.942,3.737,2.037,0,3.001,2120,8.88,2.5331974029541016e-07,,
fixture,mlp_large,downshift 0.5.0 safetensors,downshift_safetensors,0.5.0,onnxruntime,safetensors,,1,1,2,631.09,631.1,3.061,4.104,4.56,3.153,0,3.001,2120,8.88,2.5331974029541016e-07,,
fixture,mlp_large,downshift 0.5.0 safetensors,downshift_safetensors,0.5.0,onnxruntime,safetensors,,1,1,4,632.75,632.8,6.207,7.824,8.492,6.299,0,3.001,2120,8.88,2.5331974029541016e-07,,
fixture,mlp_large,downshift 0.5.0 safetensors,downshift_safetensors,0.5.0,onnxruntime,safetensors,,1,1,8,647.59,647.6,12.162,14.681,15.788,12.301,0,3.008,2120,8.88,2.5331974029541016e-07,,
fixture,mlp_large,downshift 0.5.0 safetensors,downshift_safetensors,0.5.0,onnxruntime,safetensors,,1,1,16,663.45,663.5,23.953,27.334,28.629,23.976,0,3.013,2120,8.88,2.5331974029541016e-07,,
fixture,mlp_large,downshift 0.5.0 safetensors,downshift_safetensors,0.5.0,onnxruntime,safetensors,,1,1,32,680.57,680.6,46.599,52.134,53.405,46.414,0,3.021,2120,8.88,2.5331974029541016e-07,,
fixture,mlp_large,downshift 0.5.0 safetensors,downshift_safetensors,0.5.0,onnxruntime,safetensors,,1,1,64,618.7,618.7,95.076,106.912,284.159,101.068,0,3.05,2120,8.88,2.5331974029541016e-07,,
fixture,mlp_large,downshift 0.5.0 safetensors,downshift_safetensors,0.5.0,onnxruntime,safetensors,,8,1,1,442.97,3543.8,2.109,3.288,4.143,2.246,0,3.0,16456,8.88,1.9371509552001953e-07,,
fixture,mlp_large,downshift 0.5.0 safetensors,downshift_safetensors,0.5.0,onnxruntime,safetensors,,8,1,8,822.44,6579.5,10.936,14.354,15.976,9.692,0,3.006,16456,8.88,1.9371509552001953e-07,,
fixture,mlp_large,downshift 0.5.0 safetensors,downshift_safetensors,0.5.0,onnxruntime,safetensors,,8,1,32,813.97,6511.8,44.776,53.154,56.851,38.869,0,3.026,16456,8.88,1.9371509552001953e-07,,
fixture,mlp_large,downshift 0.5.0 safetensors,downshift_safetensors,0.5.0,onnxruntime,safetensors,,32,1,1,252.56,8081.9,3.862,4.699,5.216,3.948,0,3.001,65608,8.88,2.086162567138672e-07,,
fixture,mlp_large,downshift 0.5.0 safetensors,downshift_safetensors,0.5.0,onnxruntime,safetensors,,32,1,8,449.13,14372.2,20.831,24.183,25.464,17.728,0,3.01,65608,8.88,2.086162567138672e-07,,
fixture,mlp_large,downshift 0.5.0 safetensors,downshift_safetensors,0.5.0,onnxruntime,safetensors,,32,1,32,435.56,13937.9,85.605,90.11,91.175,71.837,0,3.054,65608,8.88,2.086162567138672e-07,,
fixture,mlp_large,downshift 0.4.0,downshift,0.4.0,onnxruntime,json,,1,1,1,425.67,425.7,2.227,3.285,3.822,2.339,0,3.002,10597,8.65,2.576781845120557e-07,,
fixture,mlp_large,downshift 0.4.0,downshift,0.4.0,onnxruntime,json,,1,1,2,540.24,540.2,3.638,5.121,5.997,3.688,0,3.002,10597,8.65,2.576781845120557e-07,,
fixture,mlp_large,downshift 0.4.0,downshift,0.4.0,onnxruntime,json,,1,1,4,650.57,650.6,6.388,9.092,10.2,6.128,0,3.005,10597,8.65,2.576781845120557e-07,,
fixture,mlp_large,downshift 0.4.0,downshift,0.4.0,onnxruntime,json,,1,1,8,688.42,688.4,12.57,17.501,19.812,11.568,0,3.008,10597,8.65,2.576781845120557e-07,,
fixture,mlp_large,downshift 0.4.0,downshift,0.4.0,onnxruntime,json,,1,1,16,695.55,695.5,25.34,33.611,40.546,22.856,0,3.013,10597,8.65,2.576781845120557e-07,,
fixture,mlp_large,downshift 0.4.0,downshift,0.4.0,onnxruntime,json,,1,1,32,689.77,689.8,52.111,61.176,65.666,45.786,0,3.029,10597,8.65,2.576781845120557e-07,,
fixture,mlp_large,downshift 0.4.0,downshift,0.4.0,onnxruntime,json,,1,1,64,622.44,622.4,112.83,125.7,312.725,100.371,0,3.064,10597,8.65,2.576781845120557e-07,,
fixture,mlp_large,downshift 0.4.0,downshift,0.4.0,onnxruntime,json,,8,1,1,292.46,2339.7,3.315,4.696,5.699,3.408,0,3.002,84583,8.65,1.9345373916679343e-07,,
fixture,mlp_large,downshift 0.4.0,downshift,0.4.0,onnxruntime,json,,8,1,8,436.57,3492.6,19.871,26.788,31.754,18.231,0,3.01,84583,8.65,1.9345373916679343e-07,,
fixture,mlp_large,downshift 0.4.0,downshift,0.4.0,onnxruntime,json,,8,1,32,438.28,3506.2,82.285,93.057,99.128,71.558,0,3.046,84583,8.65,1.9345373916679343e-07,,
fixture,mlp_large,downshift 0.4.0,downshift,0.4.0,onnxruntime,json,,32,1,1,114.91,3677.1,8.236,10.256,24.625,8.669,0,3.002,338169,8.65,2.1631050112214112e-07,,
fixture,mlp_large,downshift 0.4.0,downshift,0.4.0,onnxruntime,json,,32,1,8,166.99,5343.7,53.803,61.551,64.44,47.37,0,3.024,338169,8.65,2.1631050112214112e-07,,
fixture,mlp_large,downshift 0.4.0,downshift,0.4.0,onnxruntime,json,,32,1,32,161.73,5175.4,218.511,229.985,233.651,185.789,0,3.129,338169,8.65,2.1631050112214112e-07,,
fixture,mlp_large,downshift 0.4.0 base64,downshift_base64,0.4.0,onnxruntime,base64,,1,1,1,450.65,450.6,2.105,2.984,3.684,2.208,0,3.0,2831,8.64,2.5331974029541016e-07,,
fixture,mlp_large,downshift 0.4.0 base64,downshift_base64,0.4.0,onnxruntime,base64,,1,1,2,553.64,553.6,3.467,4.878,5.826,3.598,0,3.0,2831,8.64,2.5331974029541016e-07,,
fixture,mlp_large,downshift 0.4.0 base64,downshift_base64,0.4.0,onnxruntime,base64,,1,1,4,594.54,594.5,6.594,8.921,10.167,6.708,0,3.002,2831,8.64,2.5331974029541016e-07,,
fixture,mlp_large,downshift 0.4.0 base64,downshift_base64,0.4.0,onnxruntime,base64,,1,1,8,598.17,598.2,13.083,17.061,21.721,13.315,0,3.008,2831,8.64,2.5331974029541016e-07,,
fixture,mlp_large,downshift 0.4.0 base64,downshift_base64,0.4.0,onnxruntime,base64,,1,1,16,605.36,605.4,26.081,31.422,36.228,26.227,0,3.02,2831,8.64,2.5331974029541016e-07,,
fixture,mlp_large,downshift 0.4.0 base64,downshift_base64,0.4.0,onnxruntime,base64,,1,1,32,591.74,591.7,53.287,60.54,64.246,53.329,0,3.03,2831,8.64,2.5331974029541016e-07,,
fixture,mlp_large,downshift 0.4.0 base64,downshift_base64,0.4.0,onnxruntime,base64,,1,1,64,543.34,543.3,107.183,116.814,301.035,114.274,0,3.081,2831,8.64,2.5331974029541016e-07,,
fixture,mlp_large,downshift 0.4.0 base64,downshift_base64,0.4.0,onnxruntime,base64,,8,1,1,412.39,3299.1,2.31,3.401,4.222,2.414,0,3.002,21947,8.64,1.9371509552001953e-07,,
fixture,mlp_large,downshift 0.4.0 base64,downshift_base64,0.4.0,onnxruntime,base64,,8,1,8,695.21,5561.7,12.363,17.31,19.829,11.443,0,3.008,21947,8.64,1.9371509552001953e-07,,
fixture,mlp_large,downshift 0.4.0 base64,downshift_base64,0.4.0,onnxruntime,base64,,8,1,32,703.23,5625.8,51.437,62.078,64.851,44.974,0,3.03,21947,8.64,1.9371509552001953e-07,,
fixture,mlp_large,downshift 0.4.0 base64,downshift_base64,0.4.0,onnxruntime,base64,,32,1,1,225.22,7207.0,4.311,5.462,6.041,4.426,0,3.002,87484,8.64,2.086162567138672e-07,,
fixture,mlp_large,downshift 0.4.0 base64,downshift_base64,0.4.0,onnxruntime,base64,,32,1,8,348.8,11161.6,24.87,32.42,35.574,22.836,0,3.013,87484,8.64,2.086162567138672e-07,,
fixture,mlp_large,downshift 0.4.0 base64,downshift_base64,0.4.0,onnxruntime,base64,,32,1,32,337.91,10813.1,107.588,119.075,123.891,92.102,0,3.063,87484,8.64,2.086162567138672e-07,,
fixture,cnn_large,naive FastAPI + torch,naive_torch,,torch,json,,1,1,1,259.98,260.0,3.728,4.834,5.368,3.833,0,3.0,63638,4.54,0.0,,
fixture,cnn_large,naive FastAPI + torch,naive_torch,,torch,json,,1,1,2,302.41,302.4,6.531,8.419,9.606,6.596,0,3.003,63638,4.54,0.0,,
fixture,cnn_large,naive FastAPI + torch,naive_torch,,torch,json,,1,1,4,362.7,362.7,11.856,15.081,16.277,10.997,0,3.005,63638,4.54,0.0,,
fixture,cnn_large,naive FastAPI + torch,naive_torch,,torch,json,,1,1,8,348.3,348.3,26.259,33.783,37.797,22.788,0,3.012,63638,4.54,0.0,,
fixture,cnn_large,naive FastAPI + torch,naive_torch,,torch,json,,1,1,16,327.64,327.6,56.27,66.741,76.519,48.159,0,3.019,63638,4.54,0.0,,
fixture,cnn_large,naive FastAPI + torch,naive_torch,,torch,json,,1,1,32,305.06,305.1,115.936,145.554,242.02,102.294,0,3.049,63638,4.54,0.0,,
fixture,cnn_large,naive FastAPI + torch,naive_torch,,torch,json,,1,1,64,292.05,292.1,238.136,345.501,373.95,208.307,0,3.109,63638,4.54,0.0,,
fixture,cnn_large,naive FastAPI + torch,naive_torch,,torch,json,,8,1,1,34.09,272.7,25.444,45.818,47.112,29.219,0,3.022,508649,4.54,0.0,,
fixture,cnn_large,naive FastAPI + torch,naive_torch,,torch,json,,8,1,8,50.43,403.4,164.545,205.297,242.389,152.809,0,3.034,508649,4.54,0.0,,
fixture,cnn_large,naive FastAPI + torch,naive_torch,,torch,json,,8,1,32,42.13,337.0,687.89,844.279,869.962,615.932,0,3.323,508649,4.54,0.0,,
fixture,cnn_large,naive FastAPI + torch,naive_torch,,torch,json,,32,1,1,7.06,225.9,133.567,181.153,279.319,138.589,0,3.114,2034322,4.54,0.0,,
fixture,cnn_large,naive FastAPI + torch,naive_torch,,torch,json,,32,1,8,12.24,391.7,644.915,790.728,875.306,580.397,0,3.268,2034322,4.54,0.0,,
fixture,cnn_large,naive FastAPI + torch,naive_torch,,torch,json,,32,1,32,7.78,249.0,2900.378,3056.957,3075.757,2569.773,0,4.113,2034322,4.54,0.0,,
fixture,cnn_large,naive FastAPI + ONNX Runtime,naive_onnx,,onnx,json,,1,1,1,342.39,342.4,2.878,3.744,4.28,2.912,0,3.002,63638,9.06,5.960464477539063e-08,,
fixture,cnn_large,naive FastAPI + ONNX Runtime,naive_onnx,,onnx,json,,1,1,2,411.17,411.2,4.937,6.785,8.008,4.851,0,3.001,63638,9.06,5.960464477539063e-08,,
fixture,cnn_large,naive FastAPI + ONNX Runtime,naive_onnx,,onnx,json,,1,1,4,435.58,435.6,9.651,13.945,18.335,9.162,0,3.003,63638,9.06,5.960464477539063e-08,,
fixture,cnn_large,naive FastAPI + ONNX Runtime,naive_onnx,,onnx,json,,1,1,8,406.53,406.5,21.978,29.059,38.587,19.578,0,3.008,63638,9.06,5.960464477539063e-08,,
fixture,cnn_large,naive FastAPI + ONNX Runtime,naive_onnx,,onnx,json,,1,1,16,398.72,398.7,45.386,52.219,57.206,39.731,0,3.027,63638,9.06,5.960464477539063e-08,,
fixture,cnn_large,naive FastAPI + ONNX Runtime,naive_onnx,,onnx,json,,1,1,32,372.75,372.8,90.861,106.734,298.404,84.219,0,3.037,63638,9.06,5.960464477539063e-08,,
fixture,cnn_large,naive FastAPI + ONNX Runtime,naive_onnx,,onnx,json,,1,1,64,359.46,359.5,191.88,218.578,399.166,169.04,0,3.08,63638,9.06,5.960464477539063e-08,,
fixture,cnn_large,naive FastAPI + ONNX Runtime,naive_onnx,,onnx,json,,8,1,1,39.32,314.6,21.166,42.171,46.263,25.401,0,3.001,508649,9.06,5.960464477539063e-08,,
fixture,cnn_large,naive FastAPI + ONNX Runtime,naive_onnx,,onnx,json,,8,1,8,59.49,475.9,148.791,170.501,187.103,130.123,0,3.076,508649,9.06,5.960464477539063e-08,,
fixture,cnn_large,naive FastAPI + ONNX Runtime,naive_onnx,,onnx,json,,8,1,32,48.85,390.8,605.034,777.314,778.776,553.5,0,3.296,508649,9.06,5.960464477539063e-08,,
fixture,cnn_large,naive FastAPI + ONNX Runtime,naive_onnx,,onnx,json,,32,1,1,8.0,256.0,118.062,137.729,151.207,119.22,0,3.002,2034322,9.06,5.960464477539063e-08,,
fixture,cnn_large,naive FastAPI + ONNX Runtime,naive_onnx,,onnx,json,,32,1,8,12.71,406.7,569.19,744.808,773.657,551.122,0,3.305,2034322,9.06,5.960464477539063e-08,,
fixture,cnn_large,naive FastAPI + ONNX Runtime,naive_onnx,,onnx,json,,32,1,32,9.28,297.0,2296.137,2414.047,2562.415,2260.231,0,4.524,2034322,9.06,5.960464477539063e-08,,
fixture,cnn_large,"naive torch, async def",naive_torch_async,,torch,json,,1,1,1,277.81,277.8,3.516,4.699,5.378,3.59,0,3.002,63638,3.83,0.0,,
fixture,cnn_large,"naive torch, async def",naive_torch_async,,torch,json,,1,1,2,279.0,279.0,7.591,8.928,9.698,7.147,0,3.004,63638,3.83,0.0,,
fixture,cnn_large,"naive torch, async def",naive_torch_async,,torch,json,,1,1,4,312.6,312.6,14.561,17.076,17.913,12.744,0,3.004,63638,3.83,0.0,,
fixture,cnn_large,"naive torch, async def",naive_torch_async,,torch,json,,1,1,8,302.04,302.0,29.976,33.857,38.309,26.328,0,3.01,63638,3.83,0.0,,
fixture,cnn_large,"naive torch, async def",naive_torch_async,,torch,json,,1,1,16,306.79,306.8,58.989,65.035,65.879,51.513,0,3.028,63638,3.83,0.0,,
fixture,cnn_large,"naive torch, async def",naive_torch_async,,torch,json,,1,1,32,298.55,298.6,120.858,126.573,127.667,104.045,0,3.068,63638,3.83,0.0,,
fixture,cnn_large,"naive torch, async def",naive_torch_async,,torch,json,,1,1,64,303.39,303.4,213.112,257.973,259.678,198.081,0,3.125,63638,3.83,0.0,,
fixture,cnn_large,downshift 0.5.0,downshift,0.5.0,onnxruntime,json,,1,1,1,471.68,471.7,2.07,2.642,3.42,2.112,0,3.002,63638,9.04,5.8811454775598015e-08,,
fixture,cnn_large,downshift 0.5.0,downshift,0.5.0,onnxruntime,json,,1,1,2,635.5,635.5,3.114,4.157,4.872,3.138,0,3.002,63638,9.04,5.8811454775598015e-08,,
fixture,cnn_large,downshift 0.5.0,downshift,0.5.0,onnxruntime,json,,1,1,4,711.65,711.6,5.899,7.923,8.85,5.605,0,3.003,63638,9.04,5.8811454775598015e-08,,
fixture,cnn_large,downshift 0.5.0,downshift,0.5.0,onnxruntime,json,,1,1,8,732.37,732.4,12.111,15.249,17.0,10.894,0,3.004,63638,9.04,5.8811454775598015e-08,,
fixture,cnn_large,downshift 0.5.0,downshift,0.5.0,onnxruntime,json,,1,1,16,733.39,733.4,24.546,29.023,30.596,21.674,0,3.009,63638,9.04,5.8811454775598015e-08,,
fixture,cnn_large,downshift 0.5.0,downshift,0.5.0,onnxruntime,json,,1,1,32,735.51,735.5,49.43,55.59,57.916,42.938,0,3.024,63638,9.04,5.8811454775598015e-08,,
fixture,cnn_large,downshift 0.5.0,downshift,0.5.0,onnxruntime,json,,1,1,64,718.96,719.0,101.62,108.435,110.466,86.988,0,3.049,63638,9.04,5.8811454775598015e-08,,
fixture,cnn_large,downshift 0.5.0,downshift,0.5.0,onnxruntime,json,,8,1,1,105.68,845.4,9.072,11.176,25.819,9.449,0,3.009,508649,9.04,5.8811454775598015e-08,,
fixture,cnn_large,downshift 0.5.0,downshift,0.5.0,onnxruntime,json,,8,1,8,180.23,1441.8,47.006,61.967,68.415,43.819,0,3.013,508649,9.04,5.8811454775598015e-08,,
fixture,cnn_large,downshift 0.5.0,downshift,0.5.0,onnxruntime,json,,8,1,32,158.21,1265.7,210.492,240.278,339.652,191.132,0,3.135,508649,9.04,5.8811454775598015e-08,,
fixture,cnn_large,downshift 0.5.0,downshift,0.5.0,onnxruntime,json,,32,1,1,11.8,377.6,82.014,93.482,103.513,84.095,0,3.051,2034322,9.04,5.8811454775598015e-08,,
fixture,cnn_large,downshift 0.5.0,downshift,0.5.0,onnxruntime,json,,32,1,8,47.67,1525.4,177.77,212.752,226.604,162.459,0,3.083,2034322,9.04,5.8811454775598015e-08,,
fixture,cnn_large,downshift 0.5.0,downshift,0.5.0,onnxruntime,json,,32,1,32,38.97,1247.0,724.348,814.056,843.275,664.678,0,3.361,2034322,9.04,5.8811454775598015e-08,,
fixture,cnn_large,downshift 0.5.0 base64,downshift_base64,0.5.0,onnxruntime,base64,,1,1,1,619.64,619.6,1.56,2.053,2.776,1.607,0,3.0,16489,9.2,5.960464477539063e-08,,
fixture,cnn_large,downshift 0.5.0 base64,downshift_base64,0.5.0,onnxruntime,base64,,1,1,2,861.88,861.9,2.285,3.037,3.708,2.313,0,3.0,16489,9.2,5.960464477539063e-08,,
fixture,cnn_large,downshift 0.5.0 base64,downshift_base64,0.5.0,onnxruntime,base64,,1,1,4,1000.28,1000.3,4.269,5.616,6.428,3.989,0,3.001,16489,9.2,5.960464477539063e-08,,
fixture,cnn_large,downshift 0.5.0 base64,downshift_base64,0.5.0,onnxruntime,base64,,1,1,8,1014.48,1014.5,8.833,10.604,11.416,7.863,0,3.004,16489,9.2,5.960464477539063e-08,,
fixture,cnn_large,downshift 0.5.0 base64,downshift_base64,0.5.0,onnxruntime,base64,,1,1,16,1046.55,1046.5,17.145,20.281,21.68,15.227,0,3.01,16489,9.2,5.960464477539063e-08,,
fixture,cnn_large,downshift 0.5.0 base64,downshift_base64,0.5.0,onnxruntime,base64,,1,1,32,1045.14,1045.1,34.734,39.653,41.669,30.352,0,3.015,16489,9.2,5.960464477539063e-08,,
fixture,cnn_large,downshift 0.5.0 base64,downshift_base64,0.5.0,onnxruntime,base64,,1,1,64,1030.74,1030.7,71.189,77.257,82.194,61.028,0,3.038,16489,9.2,5.960464477539063e-08,,
fixture,cnn_large,downshift 0.5.0 base64,downshift_base64,0.5.0,onnxruntime,base64,,8,1,1,240.8,1926.4,4.007,5.095,5.596,4.143,0,3.003,131177,9.2,5.960464477539063e-08,,
fixture,cnn_large,downshift 0.5.0 base64,downshift_base64,0.5.0,onnxruntime,base64,,8,1,8,436.28,3490.2,21.297,23.256,24.292,18.217,0,3.012,131177,9.2,5.960464477539063e-08,,
fixture,cnn_large,downshift 0.5.0 base64,downshift_base64,0.5.0,onnxruntime,base64,,8,1,32,425.82,3406.6,87.238,89.451,90.294,73.725,0,3.044,131177,9.2,5.960464477539063e-08,,
fixture,cnn_large,downshift 0.5.0 base64,downshift_base64,0.5.0,onnxruntime,base64,,32,1,1,45.2,1446.4,19.884,35.66,38.765,22.086,0,3.009,524394,9.2,5.960464477539063e-08,,
fixture,cnn_large,downshift 0.5.0 base64,downshift_base64,0.5.0,onnxruntime,base64,,32,1,8,124.11,3971.5,72.718,83.664,93.202,63.356,0,3.038,524394,9.2,5.960464477539063e-08,,
fixture,cnn_large,downshift 0.5.0 base64,downshift_base64,0.5.0,onnxruntime,base64,,32,1,32,117.5,3760.0,296.022,307.01,315.158,253.195,0,3.132,524394,9.2,5.960464477539063e-08,,
fixture,cnn_large,downshift 0.5.0 safetensors,downshift_safetensors,0.5.0,onnxruntime,safetensors,,1,1,1,627.55,627.5,1.54,1.961,2.826,1.587,0,3.001,12368,9.01,5.960464477539063e-08,,
fixture,cnn_large,downshift 0.5.0 safetensors,downshift_safetensors,0.5.0,onnxruntime,safetensors,,1,1,2,877.37,877.4,2.233,2.932,3.692,2.272,0,3.001,12368,9.01,5.960464477539063e-08,,
fixture,cnn_large,downshift 0.5.0 safetensors,downshift_safetensors,0.5.0,onnxruntime,safetensors,,1,1,4,1006.99,1007.0,4.252,5.497,6.127,3.96,0,3.001,12368,9.01,5.960464477539063e-08,,
fixture,cnn_large,downshift 0.5.0 safetensors,downshift_safetensors,0.5.0,onnxruntime,safetensors,,1,1,8,1036.32,1036.3,8.622,10.498,11.461,7.697,0,3.006,12368,9.01,5.960464477539063e-08,,
fixture,cnn_large,downshift 0.5.0 safetensors,downshift_safetensors,0.5.0,onnxruntime,safetensors,,1,1,16,1054.56,1054.6,17.044,19.921,21.213,15.111,0,3.006,12368,9.01,5.960464477539063e-08,,
fixture,cnn_large,downshift 0.5.0 safetensors,downshift_safetensors,0.5.0,onnxruntime,safetensors,,1,1,32,1051.26,1051.3,34.484,39.005,40.534,30.193,0,3.015,12368,9.01,5.960464477539063e-08,,
fixture,cnn_large,downshift 0.5.0 safetensors,downshift_safetensors,0.5.0,onnxruntime,safetensors,,1,1,64,1020.77,1020.8,71.626,78.56,82.435,61.712,0,3.035,12368,9.01,5.960464477539063e-08,,
fixture,cnn_large,downshift 0.5.0 safetensors,downshift_safetensors,0.5.0,onnxruntime,safetensors,,8,1,1,253.55,2028.4,3.724,4.784,5.44,3.933,0,3.001,98384,9.01,5.960464477539063e-08,,
fixture,cnn_large,downshift 0.5.0 safetensors,downshift_safetensors,0.5.0,onnxruntime,safetensors,,8,1,8,438.43,3507.4,21.267,23.147,23.858,18.144,0,3.011,98384,9.01,5.960464477539063e-08,,
fixture,cnn_large,downshift 0.5.0 safetensors,downshift_safetensors,0.5.0,onnxruntime,safetensors,,8,1,32,425.45,3403.6,86.787,89.674,90.126,73.625,0,3.046,98384,9.01,5.960464477539063e-08,,
fixture,cnn_large,downshift 0.5.0 safetensors,downshift_safetensors,0.5.0,onnxruntime,safetensors,,32,1,1,86.97,2783.0,10.986,12.644,25.534,11.469,0,3.024,393296,9.01,5.960464477539063e-08,,
fixture,cnn_large,downshift 0.5.0 safetensors,downshift_safetensors,0.5.0,onnxruntime,safetensors,,32,1,8,127.88,4092.2,72.825,76.066,80.526,61.855,0,3.034,393296,9.01,5.960464477539063e-08,,
fixture,cnn_large,downshift 0.5.0 safetensors,downshift_safetensors,0.5.0,onnxruntime,safetensors,,32,1,32,120.14,3844.5,293.889,298.658,300.444,251.086,0,3.113,393296,9.01,5.960464477539063e-08,,
fixture,cnn_large,downshift 0.4.0,downshift,0.4.0,onnxruntime,json,,1,1,1,434.64,434.6,2.248,2.961,3.645,2.293,0,3.0,63638,8.6,5.8811454775598015e-08,,
fixture,cnn_large,downshift 0.4.0,downshift,0.4.0,onnxruntime,json,,1,1,2,539.91,539.9,3.734,4.963,5.756,3.694,0,3.001,63638,8.6,5.8811454775598015e-08,,
fixture,cnn_large,downshift 0.4.0,downshift,0.4.0,onnxruntime,json,,1,1,4,648.63,648.6,6.455,9.436,10.533,6.148,0,3.002,63638,8.6,5.8811454775598015e-08,,
fixture,cnn_large,downshift 0.4.0,downshift,0.4.0,onnxruntime,json,,1,1,8,656.8,656.8,13.161,17.638,20.044,12.137,0,3.007,63638,8.6,5.8811454775598015e-08,,
fixture,cnn_large,downshift 0.4.0,downshift,0.4.0,onnxruntime,json,,1,1,16,609.75,609.8,27.696,33.956,45.565,26.092,0,3.013,63638,8.6,5.8811454775598015e-08,,
fixture,cnn_large,downshift 0.4.0,downshift,0.4.0,onnxruntime,json,,1,1,32,577.65,577.6,57.937,65.725,354.924,54.749,0,3.028,63638,8.6,5.8811454775598015e-08,,
fixture,cnn_large,downshift 0.4.0,downshift,0.4.0,onnxruntime,json,,1,1,64,542.01,542.0,119.568,135.078,363.465,112.867,0,3.12,63638,8.6,5.8811454775598015e-08,,
fixture,cnn_large,downshift 0.4.0,downshift,0.4.0,onnxruntime,json,,8,1,1,77.37,619.0,9.515,31.648,34.399,12.887,0,3.011,508649,8.6,5.8811454775598015e-08,,
fixture,cnn_large,downshift 0.4.0,downshift,0.4.0,onnxruntime,json,,8,1,8,136.82,1094.6,61.002,75.652,255.517,57.666,0,3.026,508649,8.6,5.8811454775598015e-08,,
fixture,cnn_large,downshift 0.4.0,downshift,0.4.0,onnxruntime,json,,8,1,32,107.27,858.2,258.542,529.034,543.428,278.507,0,3.16,508649,8.6,5.8811454775598015e-08,,
fixture,cnn_large,downshift 0.4.0,downshift,0.4.0,onnxruntime,json,,32,1,1,12.05,385.6,82.255,95.563,99.035,82.639,0,3.071,2034322,8.6,5.8811454775598015e-08,,
fixture,cnn_large,downshift 0.4.0,downshift,0.4.0,onnxruntime,json,,32,1,8,36.15,1156.8,213.824,403.244,455.131,212.406,0,3.126,2034322,8.6,5.8811454775598015e-08,,
fixture,cnn_large,downshift 0.4.0,downshift,0.4.0,onnxruntime,json,,32,1,32,29.36,939.5,952.53,1173.883,1379.269,873.691,0,3.509,2034322,8.6,5.8811454775598015e-08,,
fixture,cnn_large,downshift 0.4.0 base64,downshift_base64,0.4.0,onnxruntime,base64,,1,1,1,564.8,564.8,1.716,2.274,2.965,1.764,0,3.001,16489,8.7,5.960464477539063e-08,,
fixture,cnn_large,downshift 0.4.0 base64,downshift_base64,0.4.0,onnxruntime,base64,,1,1,2,722.14,722.1,2.799,3.628,4.263,2.761,0,3.001,16489,8.7,5.960464477539063e-08,,
fixture,cnn_large,downshift 0.4.0 base64,downshift_base64,0.4.0,onnxruntime,base64,,1,1,4,866.9,866.9,4.783,6.894,8.016,4.601,0,3.002,16489,8.7,5.960464477539063e-08,,
fixture,cnn_large,downshift 0.4.0 base64,downshift_base64,0.4.0,onnxruntime,base64,,1,1,8,912.98,913.0,9.519,12.353,13.909,8.729,0,3.002,16489,8.7,5.960464477539063e-08,,
fixture,cnn_large,downshift 0.4.0 base64,downshift_base64,0.4.0,onnxruntime,base64,,1,1,16,913.14,913.1,19.367,23.801,26.92,17.407,0,3.008,16489,8.7,5.960464477539063e-08,,
fixture,cnn_large,downshift 0.4.0 base64,downshift_base64,0.4.0,onnxruntime,base64,,1,1,32,889.48,889.5,40.998,47.316,49.902,35.649,0,3.022,16489,8.7,5.960464477539063e-08,,
fixture,cnn_large,downshift 0.4.0 base64,downshift_base64,0.4.0,onnxruntime,base64,,1,1,64,804.72,804.7,85.11,91.488,339.163,77.903,0,3.051,16489,8.7,5.960464477539063e-08,,
fixture,cnn_large,downshift 0.4.0 base64,downshift_base64,0.4.0,onnxruntime,base64,,8,1,1,229.39,1835.1,4.186,5.44,6.196,4.35,0,3.004,131177,8.7,5.960464477539063e-08,,
fixture,cnn_large,downshift 0.4.0 base64,downshift_base64,0.4.0,onnxruntime,base64,,8,1,8,344.4,2755.2,25.863,30.826,34.378,23.093,0,3.014,131177,8.7,5.960464477539063e-08,,
fixture,cnn_large,downshift 0.4.0 base64,downshift_base64,0.4.0,onnxruntime,base64,,8,1,32,336.63,2693.0,108.132,114.725,118.205,92.285,0,3.06,131177,8.7,5.960464477539063e-08,,
fixture,cnn_large,downshift 0.4.0 base64,downshift_base64,0.4.0,onnxruntime,base64,,32,1,1,47.9,1532.8,18.561,35.822,37.119,20.838,0,3.006,524394,8.7,5.960464477539063e-08,,
fixture,cnn_large,downshift 0.4.0 base64,downshift_base64,0.4.0,onnxruntime,base64,,32,1,8,109.07,3490.2,81.484,94.419,104.231,71.826,0,3.044,524394,8.7,5.960464477539063e-08,,
fixture,cnn_large,downshift 0.4.0 base64,downshift_base64,0.4.0,onnxruntime,base64,,32,1,32,101.83,3258.6,331.603,344.103,353.139,291.592,0,3.201,524394,8.7,5.960464477539063e-08,,
fixture,bert_small,naive FastAPI + torch,naive_torch,,torch,json,,1,1,1,32.05,32.0,31.05,33.893,37.162,31.108,0,3.026,1293,14.13,0.0,,
fixture,bert_small,naive FastAPI + torch,naive_torch,,torch,json,,1,1,2,68.15,68.2,30.201,40.668,47.404,29.189,0,3.008,1293,14.13,0.0,,
fixture,bert_small,naive FastAPI + torch,naive_torch,,torch,json,,1,1,4,94.11,94.1,42.196,60.698,63.678,42.378,0,3.018,1293,14.13,0.0,,
fixture,bert_small,naive FastAPI + torch,naive_torch,,torch,json,,1,1,8,97.86,97.9,79.322,94.532,100.223,80.18,0,3.055,1293,14.13,0.0,,
fixture,bert_small,naive FastAPI + torch,naive_torch,,torch,json,,1,1,16,90.35,90.3,169.007,192.04,201.251,169.043,0,3.121,1293,14.13,0.0,,
fixture,bert_small,naive FastAPI + torch,naive_torch,,torch,json,,1,1,32,80.61,80.6,359.323,424.928,444.328,360.053,0,3.213,1293,14.13,0.0,,
fixture,bert_small,naive FastAPI + torch,naive_torch,,torch,json,,1,1,64,68.18,68.2,760.7,941.984,982.32,776.138,0,3.491,1293,14.13,0.0,,
fixture,bert_small,naive FastAPI + torch,naive_torch,,torch,json,,8,1,1,4.57,36.6,215.777,222.432,253.415,208.8,0,3.063,9973,14.13,0.0,,
fixture,bert_small,naive FastAPI + torch,naive_torch,,torch,json,,8,1,8,16.78,134.2,458.749,599.14,627.82,436.275,0,3.217,9973,14.13,0.0,,
fixture,bert_small,naive FastAPI + torch,naive_torch,,torch,json,,8,1,32,11.02,88.2,1963.741,2320.476,2611.536,1876.126,0,4.354,9973,14.13,0.0,,
fixture,bert_small,naive FastAPI + torch,naive_torch,,torch,json,,32,1,1,0.96,30.7,948.5,959.898,959.898,945.039,0,3.113,39700,14.13,0.0,,
fixture,bert_small,naive FastAPI + torch,naive_torch,,torch,json,,32,1,8,2.91,93.1,2087.519,2362.691,2657.48,2087.747,0,4.123,39700,14.13,0.0,,
fixture,bert_small,naive FastAPI + torch,naive_torch,,torch,json,,32,1,32,1.0,32.0,6801.318,8647.115,8647.115,6839.689,0,9.01,39700,14.13,0.0,,
fixture,bert_small,naive FastAPI + ONNX Runtime,naive_onnx,,onnx,json,,1,1,1,32.73,32.7,30.752,33.347,37.022,30.368,0,3.025,1293,20.87,1.9073486328125e-06,,
fixture,bert_small,naive FastAPI + ONNX Runtime,naive_onnx,,onnx,json,,1,1,2,76.12,76.1,26.258,37.83,45.259,26.204,0,3.008,1293,20.87,1.9073486328125e-06,,
fixture,bert_small,naive FastAPI + ONNX Runtime,naive_onnx,,onnx,json,,1,1,4,123.57,123.6,31.17,47.587,54.78,32.291,0,3.011,1293,20.87,1.9073486328125e-06,,
fixture,bert_small,naive FastAPI + ONNX Runtime,naive_onnx,,onnx,json,,1,1,8,146.57,146.6,52.686,76.017,88.195,53.959,0,3.023,1293,20.87,1.9073486328125e-06,,
fixture,bert_small,naive FastAPI + ONNX Runtime,naive_onnx,,onnx,json,,1,1,16,148.74,148.7,103.236,133.822,155.187,104.448,0,3.066,1293,20.87,1.9073486328125e-06,,
fixture,bert_small,naive FastAPI + ONNX Runtime,naive_onnx,,onnx,json,,1,1,32,135.76,135.8,221.817,269.064,282.697,222.805,0,3.138,1293,20.87,1.9073486328125e-06,,
fixture,bert_small,naive FastAPI + ONNX Runtime,naive_onnx,,onnx,json,,1,1,64,124.65,124.7,435.38,483.529,504.148,436.064,0,3.297,1293,20.87,1.9073486328125e-06,,
fixture,bert_small,naive FastAPI + ONNX Runtime,naive_onnx,,onnx,json,,8,1,1,3.51,28.1,270.395,309.969,309.969,266.13,0,3.136,9973,20.87,2.6226043701171875e-06,,
fixture,bert_small,naive FastAPI + ONNX Runtime,naive_onnx,,onnx,json,,8,1,8,18.1,144.8,416.392,588.197,647.85,406.808,0,3.26,9973,20.87,2.6226043701171875e-06,,
fixture,bert_small,naive FastAPI + ONNX Runtime,naive_onnx,,onnx,json,,8,1,32,14.81,118.5,1400.24,2036.835,2051.625,1427.27,0,4.12,9973,20.87,2.6226043701171875e-06,,
fixture,bert_small,naive FastAPI + ONNX Runtime,naive_onnx,,onnx,json,,32,1,1,1.2,38.4,977.515,982.184,982.184,710.136,0,3.32,39700,20.87,2.6226043701171875e-06,,
fixture,bert_small,naive FastAPI + ONNX Runtime,naive_onnx,,onnx,json,,32,1,8,4.2,134.4,1483.072,1748.452,2062.41,1398.707,0,3.807,39700,20.87,2.6226043701171875e-06,,
fixture,bert_small,naive FastAPI + ONNX Runtime,naive_onnx,,onnx,json,,32,1,32,1.21,38.7,6677.611,9102.794,9102.794,6798.197,0,8.281,39700,20.87,2.6226043701171875e-06,,
fixture,bert_small,"naive torch, async def",naive_torch_async,,torch,json,,1,1,1,31.84,31.8,31.03,35.408,46.511,31.136,0,3.015,1293,14.6,0.0,,
fixture,bert_small,"naive torch, async def",naive_torch_async,,torch,json,,1,1,2,64.3,64.3,30.967,45.805,47.439,30.987,0,3.017,1293,14.6,0.0,,
fixture,bert_small,"naive torch, async def",naive_torch_async,,torch,json,,1,1,4,70.34,70.3,56.181,67.355,72.889,56.358,0,3.028,1293,14.6,0.0,,
fixture,bert_small,"naive torch, async def",naive_torch_async,,torch,json,,1,1,8,69.18,69.2,113.248,122.657,126.034,113.142,0,3.079,1293,14.6,0.0,,
fixture,bert_small,"naive torch, async def",naive_torch_async,,torch,json,,1,1,16,66.88,66.9,224.933,236.322,237.792,224.97,0,3.155,1293,14.6,0.0,,
fixture,bert_small,"naive torch, async def",naive_torch_async,,torch,json,,1,1,32,63.61,63.6,444.833,457.512,464.21,438.118,0,3.364,1293,14.6,0.0,,
fixture,bert_small,"naive torch, async def",naive_torch_async,,torch,json,,1,1,64,55.37,55.4,893.62,910.215,912.348,882.941,0,3.341,1293,14.6,0.0,,
fixture,bert_small,downshift 0.5.0,downshift,0.5.0,onnxruntime,json,,1,1,1,85.89,85.9,11.197,12.882,26.807,11.538,0,3.004,1293,21.59,1.8664276124624735e-06,,
fixture,bert_small,downshift 0.5.0,downshift,0.5.0,onnxruntime,json,,1,1,2,105.15,105.2,18.816,20.562,26.086,18.935,0,3.005,1293,21.59,1.8664276124624735e-06,,
fixture,bert_small,downshift 0.5.0,downshift,0.5.0,onnxruntime,json,,1,1,4,105.52,105.5,37.487,40.512,48.271,37.606,0,3.023,1293,21.59,1.8664276124624735e-06,,
fixture,bert_small,downshift 0.5.0,downshift,0.5.0,onnxruntime,json,,1,1,8,104.22,104.2,75.249,79.454,87.787,75.221,0,3.051,1293,21.59,1.8664276124624735e-06,,
fixture,bert_small,downshift 0.5.0,downshift,0.5.0,onnxruntime,json,,1,1,16,102.54,102.5,151.204,155.505,162.932,151.194,0,3.101,1293,21.59,1.8664276124624735e-06,,
fixture,bert_small,downshift 0.5.0,downshift,0.5.0,onnxruntime,json,,1,1,32,98.87,98.9,301.411,306.482,315.67,301.466,0,3.216,1293,21.59,1.8664276124624735e-06,,
fixture,bert_small,downshift 0.5.0,downshift,0.5.0,onnxruntime,json,,1,1,64,90.76,90.8,602.152,605.755,613.356,601.784,0,3.515,1293,21.59,1.8664276124624735e-06,,
fixture,bert_small,downshift 0.5.0,downshift,0.5.0,onnxruntime,json,,8,1,1,6.73,53.8,149.089,167.718,214.702,145.529,0,3.12,9973,21.59,2.6638000489853653e-06,,
fixture,bert_small,downshift 0.5.0,downshift,0.5.0,onnxruntime,json,,8,1,8,15.96,127.7,488.522,557.145,558.065,447.748,0,3.259,9973,21.59,2.6638000489853653e-06,,
fixture,bert_small,downshift 0.5.0,downshift,0.5.0,onnxruntime,json,,8,1,32,12.06,96.5,1994.004,2071.552,2079.576,1929.606,0,4.478,9973,21.59,2.6638000489853653e-06,,
fixture,bert_small,downshift 0.5.0,downshift,0.5.0,onnxruntime,json,,32,1,1,1.48,47.4,628.873,668.759,668.759,610.391,0,3.39,39700,21.59,2.6638000489853653e-06,,
fixture,bert_small,downshift 0.5.0,downshift,0.5.0,onnxruntime,json,,32,1,8,3.05,97.6,2003.726,2260.298,2265.876,1874.124,0,3.93,39700,21.59,2.6638000489853653e-06,,
fixture,bert_small,downshift 0.5.0,downshift,0.5.0,onnxruntime,json,,32,1,32,1.73,55.4,8160.76,8303.436,8315.259,7894.808,0,8.099,39700,21.59,2.6638000489853653e-06,,
fixture,bert_small,downshift 0.5.0 base64,downshift_base64,0.5.0,onnxruntime,base64,,1,1,1,104.85,104.8,9.404,10.795,11.959,9.507,0,3.004,2910,21.58,1.9073486328125e-06,,
fixture,bert_small,downshift 0.5.0 base64,downshift_base64,0.5.0,onnxruntime,base64,,1,1,2,124.99,125.0,15.796,17.452,18.431,15.938,0,3.008,2910,21.58,1.9073486328125e-06,,
fixture,bert_small,downshift 0.5.0 base64,downshift_base64,0.5.0,onnxruntime,base64,,1,1,4,123.18,123.2,31.649,35.084,49.513,32.242,0,3.02,2910,21.58,1.9073486328125e-06,,
fixture,bert_small,downshift 0.5.0 base64,downshift_base64,0.5.0,onnxruntime,base64,,1,1,8,123.7,123.7,63.76,66.436,68.043,63.687,0,3.048,2910,21.58,1.9073486328125e-06,,
fixture,bert_small,downshift 0.5.0 base64,downshift_base64,0.5.0,onnxruntime,base64,,1,1,16,121.06,121.1,127.531,136.493,147.458,128.531,0,3.081,2910,21.58,1.9073486328125e-06,,
fixture,bert_small,downshift 0.5.0 base64,downshift_base64,0.5.0,onnxruntime,base64,,1,1,32,117.89,117.9,255.053,260.346,261.985,255.249,0,3.19,2910,21.58,1.9073486328125e-06,,
fixture,bert_small,downshift 0.5.0 base64,downshift_base64,0.5.0,onnxruntime,base64,,1,1,64,109.34,109.3,512.083,517.928,520.109,512.2,0,3.42,2910,21.58,1.9073486328125e-06,,
fixture,bert_small,downshift 0.5.0 base64,downshift_base64,0.5.0,onnxruntime,base64,,8,1,1,11.44,91.5,86.081,93.903,94.175,85.36,0,3.059,22022,21.58,2.6226043701171875e-06,,
fixture,bert_small,downshift 0.5.0 base64,downshift_base64,0.5.0,onnxruntime,base64,,8,1,8,20.71,165.7,394.769,417.459,418.211,352.06,0,3.188,22022,21.58,2.6226043701171875e-06,,
fixture,bert_small,downshift 0.5.0 base64,downshift_base64,0.5.0,onnxruntime,base64,,8,1,32,15.6,124.8,1610.712,1647.437,1648.778,1614.502,0,3.846,22022,21.58,2.6226043701171875e-06,,
fixture,bert_small,downshift 0.5.0 base64,downshift_base64,0.5.0,onnxruntime,base64,,32,1,1,2.52,80.6,361.575,437.337,437.337,364.864,0,3.169,87560,21.58,2.6226043701171875e-06,,
fixture,bert_small,downshift 0.5.0 base64,downshift_base64,0.5.0,onnxruntime,base64,,32,1,8,3.63,116.2,1580.503,1727.417,1752.808,1587.888,0,4.137,87560,21.58,2.6226043701171875e-06,,
fixture,bert_small,downshift 0.5.0 base64,downshift_base64,0.5.0,onnxruntime,base64,,32,1,32,2.5,80.0,6361.254,6413.592,6423.665,6078.924,0,7.999,87560,21.58,2.6226043701171875e-06,,
fixture,bert_small,downshift 0.5.0 safetensors,downshift_safetensors,0.5.0,onnxruntime,safetensors,,1,1,1,109.43,109.4,9.061,10.489,10.934,9.12,0,3.007,2208,21.59,1.9073486328125e-06,,
fixture,bert_small,downshift 0.5.0 safetensors,downshift_safetensors,0.5.0,onnxruntime,safetensors,,1,1,2,128.0,128.0,15.41,17.089,18.06,15.567,0,3.008,2208,21.59,1.9073486328125e-06,,
fixture,bert_small,downshift 0.5.0 safetensors,downshift_safetensors,0.5.0,onnxruntime,safetensors,,1,1,4,126.85,126.8,31.142,33.702,34.99,31.317,0,3.019,2208,21.59,1.9073486328125e-06,,
fixture,bert_small,downshift 0.5.0 safetensors,downshift_safetensors,0.5.0,onnxruntime,safetensors,,1,1,8,126.1,126.1,62.594,64.665,66.071,62.56,0,3.045,2208,21.59,1.9073486328125e-06,,
fixture,bert_small,downshift 0.5.0 safetensors,downshift_safetensors,0.5.0,onnxruntime,safetensors,,1,1,16,124.56,124.6,124.472,127.299,128.908,124.551,0,3.091,2208,21.59,1.9073486328125e-06,,
fixture,bert_small,downshift 0.5.0 safetensors,downshift_safetensors,0.5.0,onnxruntime,safetensors,,1,1,32,118.78,118.8,250.298,282.431,286.619,252.955,0,3.191,2208,21.59,1.9073486328125e-06,,
fixture,bert_small,downshift 0.5.0 safetensors,downshift_safetensors,0.5.0,onnxruntime,safetensors,,1,1,64,111.91,111.9,500.767,505.195,506.503,500.322,0,3.431,2208,21.59,1.9073486328125e-06,,
fixture,bert_small,downshift 0.5.0 safetensors,downshift_safetensors,0.5.0,onnxruntime,safetensors,,8,1,1,11.92,95.4,79.268,93.299,93.677,83.201,0,3.02,16544,21.59,2.6226043701171875e-06,,
fixture,bert_small,downshift 0.5.0 safetensors,downshift_safetensors,0.5.0,onnxruntime,safetensors,,8,1,8,21.51,172.1,386.96,404.441,415.595,343.678,0,3.161,16544,21.59,2.6226043701171875e-06,,
fixture,bert_small,downshift 0.5.0 safetensors,downshift_safetensors,0.5.0,onnxruntime,safetensors,,8,1,32,15.03,120.2,1568.594,1605.725,1609.991,1563.773,0,4.059,16544,21.59,2.6226043701171875e-06,,
fixture,bert_small,downshift 0.5.0 safetensors,downshift_safetensors,0.5.0,onnxruntime,safetensors,,32,1,1,2.87,91.8,326.726,406.058,406.058,339.572,0,3.14,65696,21.59,2.6226043701171875e-06,,
fixture,bert_small,downshift 0.5.0 safetensors,downshift_safetensors,0.5.0,onnxruntime,safetensors,,32,1,8,4.09,130.9,1546.368,1657.264,1661.048,1557.388,0,3.664,65696,21.59,2.6226043701171875e-06,,
fixture,bert_small,downshift 0.5.0 safetensors,downshift_safetensors,0.5.0,onnxruntime,safetensors,,32,1,32,2.54,81.3,6126.762,6299.547,6305.181,5962.225,0,7.873,65696,21.59,2.6226043701171875e-06,,
fixture,bert_small,downshift 0.4.0,downshift,0.4.0,onnxruntime,json,,1,1,1,84.35,84.3,11.437,13.199,21.264,11.796,0,3.011,1293,21.53,1.8664276124624735e-06,,
fixture,bert_small,downshift 0.4.0,downshift,0.4.0,onnxruntime,json,,1,1,2,94.39,94.4,20.841,24.186,30.868,21.069,0,3.009,1293,21.53,1.8664276124624735e-06,,
fixture,bert_small,downshift 0.4.0,downshift,0.4.0,onnxruntime,json,,1,1,4,100.35,100.3,39.249,53.806,61.542,39.452,0,3.019,1293,21.53,1.8664276124624735e-06,,
fixture,bert_small,downshift 0.4.0,downshift,0.4.0,onnxruntime,json,,1,1,8,101.56,101.6,77.456,96.522,107.465,77.307,0,3.052,1293,21.53,1.8664276124624735e-06,,
fixture,bert_small,downshift 0.4.0,downshift,0.4.0,onnxruntime,json,,1,1,16,97.09,97.1,157.049,196.516,221.643,157.359,0,3.131,1293,21.53,1.8664276124624735e-06,,
fixture,bert_small,downshift 0.4.0,downshift,0.4.0,onnxruntime,json,,1,1,32,93.07,93.1,314.255,342.668,363.228,314.501,0,3.288,1293,21.53,1.8664276124624735e-06,,
fixture,bert_small,downshift 0.4.0,downshift,0.4.0,onnxruntime,json,,1,1,64,87.93,87.9,623.679,654.965,679.635,624.559,0,3.491,1293,21.53,1.8664276124624735e-06,,
fixture,bert_small,downshift 0.4.0,downshift,0.4.0,onnxruntime,json,,8,1,1,6.46,51.7,153.214,202.131,224.664,147.2,0,3.098,9973,21.53,2.6638000489853653e-06,,
fixture,bert_small,downshift 0.4.0,downshift,0.4.0,onnxruntime,json,,8,1,8,15.0,120.0,495.157,730.499,771.39,471.497,0,3.333,9973,21.53,2.6638000489853653e-06,,
fixture,bert_small,downshift 0.4.0,downshift,0.4.0,onnxruntime,json,,8,1,32,10.44,83.5,2024.286,2218.919,2355.889,1987.661,0,4.5,9973,21.53,2.6638000489853653e-06,,
fixture,bert_small,downshift 0.4.0,downshift,0.4.0,onnxruntime,json,,32,1,1,1.76,56.3,503.42,633.265,633.265,506.774,0,3.418,39700,21.53,2.6638000489853653e-06,,
fixture,bert_small,downshift 0.4.0,downshift,0.4.0,onnxruntime,json,,32,1,8,3.1,99.2,2056.305,2475.227,2578.278,1969.469,0,4.51,39700,21.53,2.6638000489853653e-06,,
fixture,bert_small,downshift 0.4.0,downshift,0.4.0,onnxruntime,json,,32,1,32,1.64,52.5,8332.113,8428.325,8648.929,8087.842,0,9.759,39700,21.53,2.6638000489853653e-06,,
fixture,bert_small,downshift 0.4.0 base64,downshift_base64,0.4.0,onnxruntime,base64,,1,1,1,102.18,102.2,9.575,11.101,13.503,9.749,0,3.005,2910,21.32,1.9073486328125e-06,,
fixture,bert_small,downshift 0.4.0 base64,downshift_base64,0.4.0,onnxruntime,base64,,1,1,2,110.2,110.2,17.938,19.765,20.7,18.063,0,3.013,2910,21.32,1.9073486328125e-06,,
fixture,bert_small,downshift 0.4.0 base64,downshift_base64,0.4.0,onnxruntime,base64,,1,1,4,116.2,116.2,33.985,43.101,48.221,34.153,0,3.021,2910,21.32,1.9073486328125e-06,,
fixture,bert_small,downshift 0.4.0 base64,downshift_base64,0.4.0,onnxruntime,base64,,1,1,8,118.36,118.4,66.586,85.916,106.743,66.608,0,3.042,2910,21.32,1.9073486328125e-06,,
fixture,bert_small,downshift 0.4.0 base64,downshift_base64,0.4.0,onnxruntime,base64,,1,1,16,115.22,115.2,134.208,154.254,167.137,134.399,0,3.107,2910,21.32,1.9073486328125e-06,,
fixture,bert_small,downshift 0.4.0 base64,downshift_base64,0.4.0,onnxruntime,base64,,1,1,32,109.84,109.8,267.138,298.779,339.572,267.768,0,3.241,2910,21.32,1.9073486328125e-06,,
fixture,bert_small,downshift 0.4.0 base64,downshift_base64,0.4.0,onnxruntime,base64,,1,1,64,105.59,105.6,535.942,556.443,573.041,534.788,0,3.39,2910,21.32,1.9073486328125e-06,,
fixture,bert_small,downshift 0.4.0 base64,downshift_base64,0.4.0,onnxruntime,base64,,8,1,1,11.13,89.0,92.377,94.609,100.501,88.655,0,3.054,22022,21.32,2.6226043701171875e-06,,
fixture,bert_small,downshift 0.4.0 base64,downshift_base64,0.4.0,onnxruntime,base64,,8,1,8,20.52,164.2,362.777,544.585,565.141,343.344,0,3.216,22022,21.32,2.6226043701171875e-06,,
fixture,bert_small,downshift 0.4.0 base64,downshift_base64,0.4.0,onnxruntime,base64,,8,1,32,14.6,116.8,1629.315,1778.12,1834.905,1624.814,0,4.247,22022,21.32,2.6226043701171875e-06,,
fixture,bert_small,downshift 0.4.0 base64,downshift_base64,0.4.0,onnxruntime,base64,,32,1,1,2.95,94.4,358.179,415.629,415.629,337.672,0,3.055,87560,21.32,2.6226043701171875e-06,,
fixture,bert_small,downshift 0.4.0 base64,downshift_base64,0.4.0,onnxruntime,base64,,32,1,8,4.04,129.3,1400.244,2183.484,2549.839,1515.326,0,4.46,87560,21.32,2.6226043701171875e-06,,
fixture,bert_small,downshift 0.4.0 base64,downshift_base64,0.4.0,onnxruntime,base64,,32,1,32,2.32,74.2,6327.179,6876.1,6896.628,6145.45,0,7.767,87560,21.32,2.6226043701171875e-06,,
workers,clean_mlp,downshift 0.5.0 --workers 1,downshift,0.5.0,,json,,1,1,1,907.16,907.2,1.028,1.565,2.254,1.096,0,3.001,353,9.19,9.219741824162409e-09,,
workers,clean_mlp,downshift 0.5.0 --workers 1,downshift,0.5.0,,json,,1,1,8,982.65,982.6,7.92,10.077,12.711,8.118,0,3.003,353,9.19,9.219741824162409e-09,,
workers,clean_mlp,downshift 0.5.0 --workers 1,downshift,0.5.0,,json,,1,1,32,1110.95,1111.0,28.405,31.947,33.348,28.618,0,3.017,353,9.19,9.219741824162409e-09,,
workers,clean_mlp,downshift 0.5.0 --workers 2,downshift,0.5.0,,json,,1,2,1,936.32,936.3,1.022,1.315,1.571,1.062,0,3.0,353,11.29,9.219741824162409e-09,,
workers,clean_mlp,downshift 0.5.0 --workers 2,downshift,0.5.0,,json,,1,2,8,2075.71,2075.7,3.764,5.521,6.006,3.844,0,3.002,353,11.29,9.219741824162409e-09,,
workers,clean_mlp,downshift 0.5.0 --workers 2,downshift,0.5.0,,json,,1,2,32,1963.54,1963.5,15.637,18.903,23.802,16.225,0,3.011,353,11.29,9.219741824162409e-09,,
workers,clean_mlp,downshift 0.5.0 --workers 4,downshift,0.5.0,,json,,1,4,1,974.32,974.3,0.99,1.25,1.523,1.021,0,3.001,353,12.34,9.219741824162409e-09,,
workers,clean_mlp,downshift 0.5.0 --workers 4,downshift,0.5.0,,json,,1,4,8,3856.51,3856.5,1.97,3.303,3.711,2.067,0,3.001,353,12.34,9.219741824162409e-09,,
workers,clean_mlp,downshift 0.5.0 --workers 4,downshift,0.5.0,,json,,1,4,32,3844.86,3844.9,7.984,11.034,12.027,8.296,0,3.005,353,12.34,9.219741824162409e-09,,
workers,clean_mlp,downshift 0.4.0 --workers 1,downshift,0.4.0,,json,,1,1,1,861.38,861.4,1.123,1.413,1.654,1.155,0,3.001,353,7.68,9.219741824162409e-09,,
workers,clean_mlp,downshift 0.4.0 --workers 1,downshift,0.4.0,,json,,1,1,8,886.7,886.7,8.914,10.861,13.364,8.996,0,3.003,353,7.68,9.219741824162409e-09,,
workers,clean_mlp,downshift 0.4.0 --workers 1,downshift,0.4.0,,json,,1,1,32,914.59,914.6,32.163,40.592,219.204,34.683,0,3.016,353,7.68,9.219741824162409e-09,,
workers,clean_mlp,downshift 0.4.0 --workers 2,downshift,0.4.0,,json,,1,2,1,823.26,823.3,1.159,1.52,1.992,1.208,0,3.0,353,10.56,9.219741824162409e-09,,
workers,clean_mlp,downshift 0.4.0 --workers 2,downshift,0.4.0,,json,,1,2,8,1788.73,1788.7,4.465,5.546,6.06,4.462,0,3.003,353,10.56,9.219741824162409e-09,,
workers,clean_mlp,downshift 0.4.0 --workers 2,downshift,0.4.0,,json,,1,2,32,1923.29,1923.3,16.08,18.656,21.41,16.563,0,3.01,353,10.56,9.219741824162409e-09,,
workers,clean_mlp,downshift 0.4.0 --workers 4,downshift,0.4.0,,json,,1,4,1,846.19,846.2,1.143,1.421,1.782,1.176,0,3.001,353,10.58,9.219741824162409e-09,,
workers,clean_mlp,downshift 0.4.0 --workers 4,downshift,0.4.0,,json,,1,4,8,3406.36,3406.4,2.242,3.684,4.165,2.341,0,3.001,353,10.58,9.219741824162409e-09,,
workers,clean_mlp,downshift 0.4.0 --workers 4,downshift,0.4.0,,json,,1,4,32,3417.87,3417.9,9.568,13.669,14.953,9.332,0,3.007,353,10.58,9.219741824162409e-09,,
workers,mlp_large,downshift 0.5.0 --workers 1,downshift,0.5.0,,json,,1,1,1,514.67,514.7,1.92,2.232,2.488,1.932,0,3.002,10597,8.18,2.576781845120557e-07,,
workers,mlp_large,downshift 0.5.0 --workers 1,downshift,0.5.0,,json,,1,1,8,818.59,818.6,10.916,13.536,14.239,9.743,0,3.003,10597,8.18,2.576781845120557e-07,,
workers,mlp_large,downshift 0.5.0 --workers 1,downshift,0.5.0,,json,,1,1,32,826.84,826.8,43.192,53.334,57.427,38.263,0,3.026,10597,8.18,2.576781845120557e-07,,
workers,mlp_large,downshift 0.5.0 --workers 2,downshift,0.5.0,,json,,1,2,1,513.88,513.9,1.919,2.26,2.539,1.936,0,3.001,10597,11.3,2.576781845120557e-07,,
workers,mlp_large,downshift 0.5.0 --workers 2,downshift,0.5.0,,json,,1,2,8,1005.67,1005.7,7.269,14.881,19.473,7.923,0,3.006,10597,11.3,2.576781845120557e-07,,
workers,mlp_large,downshift 0.5.0 --workers 2,downshift,0.5.0,,json,,1,2,32,1202.85,1202.8,23.998,42.515,45.779,26.35,0,3.024,10597,11.3,2.576781845120557e-07,,
workers,mlp_large,downshift 0.5.0 --workers 4,downshift,0.5.0,,json,,1,4,1,524.61,524.6,1.875,2.224,2.453,1.897,0,3.0,10597,11.28,2.576781845120557e-07,,
workers,mlp_large,downshift 0.5.0 --workers 4,downshift,0.5.0,,json,,1,4,8,1458.67,1458.7,5.201,8.941,10.591,5.462,0,3.003,10597,11.28,2.576781845120557e-07,,
workers,mlp_large,downshift 0.5.0 --workers 4,downshift,0.5.0,,json,,1,4,32,2088.83,2088.8,14.265,29.751,33.486,15.225,0,3.014,10597,11.28,2.576781845120557e-07,,
workers,mlp_large,downshift 0.4.0 --workers 1,downshift,0.4.0,,json,,1,1,1,467.81,467.8,2.106,2.536,2.759,2.128,0,3.001,10597,7.9,2.576781845120557e-07,,
workers,mlp_large,downshift 0.4.0 --workers 1,downshift,0.4.0,,json,,1,1,8,745.23,745.2,11.827,15.643,18.604,10.703,0,3.004,10597,7.9,2.576781845120557e-07,,
workers,mlp_large,downshift 0.4.0 --workers 1,downshift,0.4.0,,json,,1,1,32,718.92,718.9,52.148,59.421,63.053,44.012,0,3.028,10597,7.9,2.576781845120557e-07,,
workers,mlp_large,downshift 0.4.0 --workers 2,downshift,0.4.0,,json,,1,2,1,418.31,418.3,2.373,2.861,3.116,2.378,0,3.0,10597,10.88,2.576781845120557e-07,,
workers,mlp_large,downshift 0.4.0 --workers 2,downshift,0.4.0,,json,,1,2,8,1126.31,1126.3,6.657,12.315,13.851,7.079,0,3.004,10597,10.88,2.576781845120557e-07,,
workers,mlp_large,downshift 0.4.0 --workers 2,downshift,0.4.0,,json,,1,2,32,1259.89,1259.9,26.194,40.066,42.287,25.178,0,3.022,10597,10.88,2.576781845120557e-07,,
workers,mlp_large,downshift 0.4.0 --workers 4,downshift,0.4.0,,json,,1,4,1,474.54,474.5,2.074,2.457,2.709,2.098,0,3.001,10597,11.31,2.576781845120557e-07,,
workers,mlp_large,downshift 0.4.0 --workers 4,downshift,0.4.0,,json,,1,4,8,1325.46,1325.5,5.445,10.238,11.896,6.009,0,3.003,10597,11.31,2.576781845120557e-07,,
workers,mlp_large,downshift 0.4.0 --workers 4,downshift,0.4.0,,json,,1,4,32,2002.51,2002.5,13.745,38.851,44.16,15.861,0,3.019,10597,11.31,2.576781845120557e-07,,
workers,bert_small,downshift 0.5.0 --workers 1,downshift,0.5.0,,json,,1,1,1,91.21,91.2,10.867,11.611,14.391,10.936,0,3.004,1293,20.3,1.8664276124624735e-06,,
workers,bert_small,downshift 0.5.0 --workers 1,downshift,0.5.0,,json,,1,1,8,107.66,107.7,73.295,75.616,84.774,73.18,0,3.047,1293,20.3,1.8664276124624735e-06,,
workers,bert_small,downshift 0.5.0 --workers 1,downshift,0.5.0,,json,,1,1,32,101.43,101.4,293.232,319.994,322.467,296.144,0,3.194,1293,20.3,1.8664276124624735e-06,,
workers,bert_small,downshift 0.5.0 --workers 2,downshift,0.5.0,,json,,1,2,1,91.7,91.7,10.944,11.633,11.855,10.877,0,3.01,1293,23.08,1.8664276124624735e-06,,
workers,bert_small,downshift 0.5.0 --workers 2,downshift,0.5.0,,json,,1,2,8,156.95,156.9,44.864,75.046,82.659,50.268,0,3.046,1293,23.08,1.8664276124624735e-06,,
workers,bert_small,downshift 0.5.0 --workers 2,downshift,0.5.0,,json,,1,2,32,150.13,150.1,128.499,304.918,314.347,198.19,0,3.211,1293,23.08,1.8664276124624735e-06,,
workers,bert_small,downshift 0.5.0 --workers 4,downshift,0.5.0,,json,,1,4,1,69.72,69.7,14.382,15.383,16.049,14.311,0,3.012,1293,23.59,1.8664276124624735e-06,,
workers,bert_small,downshift 0.5.0 --workers 4,downshift,0.5.0,,json,,1,4,8,239.38,239.4,31.997,53.43,58.88,33.195,0,3.024,1293,23.59,1.8664276124624735e-06,,
workers,bert_small,downshift 0.5.0 --workers 4,downshift,0.5.0,,json,,1,4,32,248.39,248.4,114.704,201.545,249.097,122.618,0,3.132,1293,23.59,1.8664276124624735e-06,,
workers,bert_small,downshift 0.4.0 --workers 1,downshift,0.4.0,,json,,1,1,1,89.13,89.1,11.156,11.833,14.003,11.173,0,3.007,1293,20.23,1.8664276124624735e-06,,
workers,bert_small,downshift 0.4.0 --workers 1,downshift,0.4.0,,json,,1,1,8,104.56,104.6,75.175,85.879,95.152,75.181,0,3.051,1293,20.23,1.8664276124624735e-06,,
workers,bert_small,downshift 0.4.0 --workers 1,downshift,0.4.0,,json,,1,1,32,97.72,97.7,301.817,327.026,347.155,301.825,0,3.264,1293,20.23,1.8664276124624735e-06,,
workers,bert_small,downshift 0.4.0 --workers 2,downshift,0.4.0,,json,,1,2,1,89.59,89.6,10.884,11.857,25.12,11.134,0,3.003,1293,23.12,1.8664276124624735e-06,,
workers,bert_small,downshift 0.4.0 --workers 2,downshift,0.4.0,,json,,1,2,8,141.77,141.8,54.067,95.262,111.623,55.254,0,3.04,1293,23.12,1.8664276124624735e-06,,
workers,bert_small,downshift 0.4.0 --workers 2,downshift,0.4.0,,json,,1,2,32,142.81,142.8,226.949,295.68,322.784,209.901,0,3.207,1293,23.12,1.8664276124624735e-06,,
workers,bert_small,downshift 0.4.0 --workers 4,downshift,0.4.0,,json,,1,4,1,66.45,66.5,14.804,16.088,28.701,14.993,0,3.01,1293,24.15,1.8664276124624735e-06,,
workers,bert_small,downshift 0.4.0 --workers 4,downshift,0.4.0,,json,,1,4,8,227.44,227.4,28.084,70.575,98.031,34.756,0,3.038,1293,24.15,1.8664276124624735e-06,,
workers,bert_small,downshift 0.4.0 --workers 4,downshift,0.4.0,,json,,1,4,32,231.33,231.3,121.723,198.719,217.751,131.424,0,3.138,1293,24.15,1.8664276124624735e-06,,
hf,all-MiniLM-L6-v2,naive FastAPI + transformers,naive_sync,,torch,json,short_b1,1,1,1,106.93,106.9,9.352,10.144,10.904,9.322,0,5.003,42,12.85,,2.07,17.91
hf,all-MiniLM-L6-v2,naive FastAPI + transformers,naive_sync,,torch,json,short_b1,1,1,8,139.19,139.2,56.89,63.101,67.004,57.02,0,5.036,42,12.85,,4.74,8.02
hf,all-MiniLM-L6-v2,naive FastAPI + transformers,naive_sync,,torch,json,short_b8,8,1,1,45.39,363.1,21.793,23.277,25.604,21.946,0,5.001,405,12.85,,2.14,16.88
hf,all-MiniLM-L6-v2,naive FastAPI + transformers,naive_sync,,torch,json,short_b8,8,1,8,88.93,711.4,88.791,98.481,102.851,88.772,0,5.038,405,12.85,,3.78,6.1
hf,all-MiniLM-L6-v2,naive FastAPI + transformers,naive_sync,,torch,json,long_b1,1,1,1,35.87,35.9,27.825,29.005,29.904,27.814,0,5.018,807,12.85,,2.18,16.86
hf,all-MiniLM-L6-v2,naive FastAPI + transformers,naive_sync,,torch,json,long_b1,1,1,8,73.77,73.8,106.141,116.25,139.65,107.287,0,5.056,807,12.85,,3.38,16.71
hf,all-MiniLM-L6-v2,"naive transformers, async def",naive_async,,torch,json,short_b1,1,1,1,114.66,114.7,8.733,9.531,9.934,8.702,0,5.006,42,12.83,,9.68,24.11
hf,all-MiniLM-L6-v2,"naive transformers, async def",naive_async,,torch,json,short_b1,1,1,8,117.25,117.2,67.901,69.605,70.117,67.548,0,5.049,42,12.83,,96.59,120.65
hf,all-MiniLM-L6-v2,"naive transformers, async def",naive_async,,torch,json,short_b8,8,1,1,47.03,376.2,21.155,22.205,23.635,21.246,0,5.018,405,12.83,,21.96,43.94
hf,all-MiniLM-L6-v2,"naive transformers, async def",naive_async,,torch,json,short_b8,8,1,8,46.92,375.4,166.428,168.662,173.381,166.551,0,5.116,405,12.83,,271.83,333.66
hf,all-MiniLM-L6-v2,"naive transformers, async def",naive_async,,torch,json,long_b1,1,1,1,36.34,36.3,27.278,28.917,32.117,27.383,0,5.008,807,12.83,,27.54,55.18
hf,all-MiniLM-L6-v2,"naive transformers, async def",naive_async,,torch,json,long_b1,1,1,8,36.4,36.4,214.054,217.076,219.851,214.032,0,5.165,807,12.83,,295.04,436.39
hf,all-MiniLM-L6-v2,downshift 0.5.0,downshift_auto,0.5.0,"{'name': 'onnxruntime', 'device': 'CPUExecutionProvider', 'inputs': [{'name': 'input_ids', 'dtype': 'tensor(int64)', 'shape': ['s43', 's53']}, {'name': 'attention_mask', 'dtype': 'tensor(int64)', 'shape': ['s43', 's53']}], 'outputs': [{'name': 'output_0', 'dtype': 'tensor(float)', 'shape': ['s43', 384]}]}",json,short_b1,1,1,1,196.62,196.6,5.075,5.572,6.011,5.073,0,5.005,42,21.62,,2.57,17.18
hf,all-MiniLM-L6-v2,downshift 0.5.0,downshift_auto,0.5.0,"{'name': 'onnxruntime', 'device': 'CPUExecutionProvider', 'inputs': [{'name': 'input_ids', 'dtype': 'tensor(int64)', 'shape': ['s43', 's53']}, {'name': 'attention_mask', 'dtype': 'tensor(int64)', 'shape': ['s43', 's53']}], 'outputs': [{'name': 'output_0', 'dtype': 'tensor(float)', 'shape': ['s43', 384]}]}",json,short_b1,1,1,8,282.25,282.2,28.218,29.652,30.628,28.27,0,5.017,42,21.62,,2.96,17.59
hf,all-MiniLM-L6-v2,downshift 0.5.0,downshift_auto,0.5.0,"{'name': 'onnxruntime', 'device': 'CPUExecutionProvider', 'inputs': [{'name': 'input_ids', 'dtype': 'tensor(int64)', 'shape': ['s43', 's53']}, {'name': 'attention_mask', 'dtype': 'tensor(int64)', 'shape': ['s43', 's53']}], 'outputs': [{'name': 'output_0', 'dtype': 'tensor(float)', 'shape': ['s43', 384]}]}",json,short_b8,8,1,1,51.1,408.8,19.562,20.204,20.96,19.524,0,5.01,405,21.62,,2.28,17.51
hf,all-MiniLM-L6-v2,downshift 0.5.0,downshift_auto,0.5.0,"{'name': 'onnxruntime', 'device': 'CPUExecutionProvider', 'inputs': [{'name': 'input_ids', 'dtype': 'tensor(int64)', 'shape': ['s43', 's53']}, {'name': 'attention_mask', 'dtype': 'tensor(int64)', 'shape': ['s43', 's53']}], 'outputs': [{'name': 'output_0', 'dtype': 'tensor(float)', 'shape': ['s43', 384]}]}",json,short_b8,8,1,8,56.27,450.2,139.626,141.947,142.708,139.794,0,5.1,405,21.62,,2.24,17.29
hf,all-MiniLM-L6-v2,downshift 0.5.0,downshift_auto,0.5.0,"{'name': 'onnxruntime', 'device': 'CPUExecutionProvider', 'inputs': [{'name': 'input_ids', 'dtype': 'tensor(int64)', 'shape': ['s43', 's53']}, {'name': 'attention_mask', 'dtype': 'tensor(int64)', 'shape': ['s43', 's53']}], 'outputs': [{'name': 'output_0', 'dtype': 'tensor(float)', 'shape': ['s43', 384]}]}",json,long_b1,1,1,1,30.05,30.1,33.171,34.64,35.43,33.135,0,5.025,807,21.62,,2.19,16.99
hf,all-MiniLM-L6-v2,downshift 0.5.0,downshift_auto,0.5.0,"{'name': 'onnxruntime', 'device': 'CPUExecutionProvider', 'inputs': [{'name': 'input_ids', 'dtype': 'tensor(int64)', 'shape': ['s43', 's53']}, {'name': 'attention_mask', 'dtype': 'tensor(int64)', 'shape': ['s43', 's53']}], 'outputs': [{'name': 'output_0', 'dtype': 'tensor(float)', 'shape': ['s43', 384]}]}",json,long_b1,1,1,8,31.58,31.6,245.665,249.173,250.036,245.326,0,5.161,807,21.62,,2.29,17.37
hf,all-MiniLM-L6-v2,downshift 0.5.0 --backend torch,downshift_torch,0.5.0,"{'name': 'torch', 'device': 'cpu', 'inputs': [{'name': 'input_ids', 'dtype': 'tensor(int64)', 'shape': ['batch', 'seq']}, {'name': 'attention_mask', 'dtype': 'tensor(int64)', 'shape': ['batch', 'seq']}], 'outputs': [{'name': 'output_0', 'dtype': 'tensor(float32)', 'shape': ['batch', 384]}]}",json,short_b1,1,1,1,106.07,106.1,9.477,10.427,11.218,9.405,0,5.006,42,13.54,,2.32,17.44
hf,all-MiniLM-L6-v2,downshift 0.5.0 --backend torch,downshift_torch,0.5.0,"{'name': 'torch', 'device': 'cpu', 'inputs': [{'name': 'input_ids', 'dtype': 'tensor(int64)', 'shape': ['batch', 'seq']}, {'name': 'attention_mask', 'dtype': 'tensor(int64)', 'shape': ['batch', 'seq']}], 'outputs': [{'name': 'output_0', 'dtype': 'tensor(float32)', 'shape': ['batch', 384]}]}",json,short_b1,1,1,8,109.38,109.4,72.631,74.831,77.015,72.437,0,5.047,42,13.54,,2.46,17.79
hf,all-MiniLM-L6-v2,downshift 0.5.0 --backend torch,downshift_torch,0.5.0,"{'name': 'torch', 'device': 'cpu', 'inputs': [{'name': 'input_ids', 'dtype': 'tensor(int64)', 'shape': ['batch', 'seq']}, {'name': 'attention_mask', 'dtype': 'tensor(int64)', 'shape': ['batch', 'seq']}], 'outputs': [{'name': 'output_0', 'dtype': 'tensor(float32)', 'shape': ['batch', 384]}]}",json,short_b8,8,1,1,45.81,366.5,21.733,22.914,24.172,21.792,0,5.021,405,13.54,,2.25,17.56
hf,all-MiniLM-L6-v2,downshift 0.5.0 --backend torch,downshift_torch,0.5.0,"{'name': 'torch', 'device': 'cpu', 'inputs': [{'name': 'input_ids', 'dtype': 'tensor(int64)', 'shape': ['batch', 'seq']}, {'name': 'attention_mask', 'dtype': 'tensor(int64)', 'shape': ['batch', 'seq']}], 'outputs': [{'name': 'output_0', 'dtype': 'tensor(float32)', 'shape': ['batch', 384]}]}",json,short_b8,8,1,8,46.91,375.3,166.577,169.387,170.859,166.726,0,5.117,405,13.54,,2.3,17.22
hf,all-MiniLM-L6-v2,downshift 0.5.0 --backend torch,downshift_torch,0.5.0,"{'name': 'torch', 'device': 'cpu', 'inputs': [{'name': 'input_ids', 'dtype': 'tensor(int64)', 'shape': ['batch', 'seq']}, {'name': 'attention_mask', 'dtype': 'tensor(int64)', 'shape': ['batch', 'seq']}], 'outputs': [{'name': 'output_0', 'dtype': 'tensor(float32)', 'shape': ['batch', 384]}]}",json,long_b1,1,1,1,35.69,35.7,27.852,29.191,30.09,27.898,0,5.015,807,13.54,,2.27,17.33
hf,all-MiniLM-L6-v2,downshift 0.5.0 --backend torch,downshift_torch,0.5.0,"{'name': 'torch', 'device': 'cpu', 'inputs': [{'name': 'input_ids', 'dtype': 'tensor(int64)', 'shape': ['batch', 'seq']}, {'name': 'attention_mask', 'dtype': 'tensor(int64)', 'shape': ['batch', 'seq']}], 'outputs': [{'name': 'output_0', 'dtype': 'tensor(float32)', 'shape': ['batch', 384]}]}",json,long_b1,1,1,8,37.08,37.1,210.788,217.878,219.209,211.263,0,5.124,807,13.54,,2.29,17.07
hf,all-MiniLM-L6-v2,downshift 0.5.0 --max-concurrency 4,downshift_auto_mc4,0.5.0,"{'name': 'onnxruntime', 'device': 'CPUExecutionProvider', 'inputs': [{'name': 'input_ids', 'dtype': 'tensor(int64)', 'shape': ['s43', 's53']}, {'name': 'attention_mask', 'dtype': 'tensor(int64)', 'shape': ['s43', 's53']}], 'outputs': [{'name': 'output_0', 'dtype': 'tensor(float)', 'shape': ['s43', 384]}]}",json,short_b1,1,1,1,197.18,197.2,5.046,5.623,6.266,5.057,0,5.0,42,21.47,,2.49,17.37
hf,all-MiniLM-L6-v2,downshift 0.5.0 --max-concurrency 4,downshift_auto_mc4,0.5.0,"{'name': 'onnxruntime', 'device': 'CPUExecutionProvider', 'inputs': [{'name': 'input_ids', 'dtype': 'tensor(int64)', 'shape': ['s43', 's53']}, {'name': 'attention_mask', 'dtype': 'tensor(int64)', 'shape': ['s43', 's53']}], 'outputs': [{'name': 'output_0', 'dtype': 'tensor(float)', 'shape': ['s43', 384]}]}",json,short_b1,1,1,8,483.04,483.0,16.49,19.171,20.505,16.515,0,5.01,42,21.47,,9.67,22.29
hf,all-MiniLM-L6-v2,downshift 0.5.0 --max-concurrency 4,downshift_auto_mc4,0.5.0,"{'name': 'onnxruntime', 'device': 'CPUExecutionProvider', 'inputs': [{'name': 'input_ids', 'dtype': 'tensor(int64)', 'shape': ['s43', 's53']}, {'name': 'attention_mask', 'dtype': 'tensor(int64)', 'shape': ['s43', 's53']}], 'outputs': [{'name': 'output_0', 'dtype': 'tensor(float)', 'shape': ['s43', 384]}]}",json,short_b8,8,1,1,50.74,405.9,19.616,20.469,21.042,19.63,0,5.006,405,21.47,,2.23,23.41
hf,all-MiniLM-L6-v2,downshift 0.5.0 --max-concurrency 4,downshift_auto_mc4,0.5.0,"{'name': 'onnxruntime', 'device': 'CPUExecutionProvider', 'inputs': [{'name': 'input_ids', 'dtype': 'tensor(int64)', 'shape': ['s43', 's53']}, {'name': 'attention_mask', 'dtype': 'tensor(int64)', 'shape': ['s43', 's53']}], 'outputs': [{'name': 'output_0', 'dtype': 'tensor(float)', 'shape': ['s43', 384]}]}",json,short_b8,8,1,8,136.81,1094.5,58.057,61.882,63.609,58.051,0,5.029,405,21.47,,2.69,27.19
hf,all-MiniLM-L6-v2,downshift 0.5.0 --max-concurrency 4,downshift_auto_mc4,0.5.0,"{'name': 'onnxruntime', 'device': 'CPUExecutionProvider', 'inputs': [{'name': 'input_ids', 'dtype': 'tensor(int64)', 'shape': ['s43', 's53']}, {'name': 'attention_mask', 'dtype': 'tensor(int64)', 'shape': ['s43', 's53']}], 'outputs': [{'name': 'output_0', 'dtype': 'tensor(float)', 'shape': ['s43', 384]}]}",json,long_b1,1,1,1,29.99,30.0,33.035,34.686,43.343,33.182,0,5.002,807,21.47,,2.29,17.86
hf,all-MiniLM-L6-v2,downshift 0.5.0 --max-concurrency 4,downshift_auto_mc4,0.5.0,"{'name': 'onnxruntime', 'device': 'CPUExecutionProvider', 'inputs': [{'name': 'input_ids', 'dtype': 'tensor(int64)', 'shape': ['s43', 's53']}, {'name': 'attention_mask', 'dtype': 'tensor(int64)', 'shape': ['s43', 's53']}], 'outputs': [{'name': 'output_0', 'dtype': 'tensor(float)', 'shape': ['s43', 384]}]}",json,long_b1,1,1,8,77.75,77.8,100.94,108.805,111.353,101.061,0,5.068,807,21.47,,2.78,17.61
hf,all-MiniLM-L6-v2,downshift 0.5.0 --execution inline,downshift_auto_inline,0.5.0,"{'name': 'onnxruntime', 'device': 'CPUExecutionProvider', 'inputs': [{'name': 'input_ids', 'dtype': 'tensor(int64)', 'shape': ['s43', 's53']}, {'name': 'attention_mask', 'dtype': 'tensor(int64)', 'shape': ['s43', 's53']}], 'outputs': [{'name': 'output_0', 'dtype': 'tensor(float)', 'shape': ['s43', 384]}]}",json,short_b1,1,1,1,197.47,197.5,5.06,5.6,5.943,5.048,0,5.003,42,21.45,,2.43,17.75
hf,all-MiniLM-L6-v2,downshift 0.5.0 --execution inline,downshift_auto_inline,0.5.0,"{'name': 'onnxruntime', 'device': 'CPUExecutionProvider', 'inputs': [{'name': 'input_ids', 'dtype': 'tensor(int64)', 'shape': ['s43', 's53']}, {'name': 'attention_mask', 'dtype': 'tensor(int64)', 'shape': ['s43', 's53']}], 'outputs': [{'name': 'output_0', 'dtype': 'tensor(float)', 'shape': ['s43', 384]}]}",json,short_b1,1,1,8,281.13,281.1,28.236,29.506,30.366,28.323,0,5.019,42,21.45,,2.92,17.39
hf,all-MiniLM-L6-v2,downshift 0.5.0 --execution inline,downshift_auto_inline,0.5.0,"{'name': 'onnxruntime', 'device': 'CPUExecutionProvider', 'inputs': [{'name': 'input_ids', 'dtype': 'tensor(int64)', 'shape': ['s43', 's53']}, {'name': 'attention_mask', 'dtype': 'tensor(int64)', 'shape': ['s43', 's53']}], 'outputs': [{'name': 'output_0', 'dtype': 'tensor(float)', 'shape': ['s43', 384]}]}",json,short_b8,8,1,1,50.93,407.4,19.556,20.409,20.948,19.543,0,5.007,405,21.45,,2.17,16.98
hf,all-MiniLM-L6-v2,downshift 0.5.0 --execution inline,downshift_auto_inline,0.5.0,"{'name': 'onnxruntime', 'device': 'CPUExecutionProvider', 'inputs': [{'name': 'input_ids', 'dtype': 'tensor(int64)', 'shape': ['s43', 's53']}, {'name': 'attention_mask', 'dtype': 'tensor(int64)', 'shape': ['s43', 's53']}], 'outputs': [{'name': 'output_0', 'dtype': 'tensor(float)', 'shape': ['s43', 384]}]}",json,short_b8,8,1,8,56.25,450.0,139.937,143.029,143.802,140.014,0,5.084,405,21.45,,2.26,17.14
hf,all-MiniLM-L6-v2,downshift 0.5.0 --execution inline,downshift_auto_inline,0.5.0,"{'name': 'onnxruntime', 'device': 'CPUExecutionProvider', 'inputs': [{'name': 'input_ids', 'dtype': 'tensor(int64)', 'shape': ['s43', 's53']}, {'name': 'attention_mask', 'dtype': 'tensor(int64)', 'shape': ['s43', 's53']}], 'outputs': [{'name': 'output_0', 'dtype': 'tensor(float)', 'shape': ['s43', 384]}]}",json,long_b1,1,1,1,30.0,30.0,33.306,34.457,35.486,33.11,0,5.034,807,21.45,,2.25,17.25
hf,all-MiniLM-L6-v2,downshift 0.5.0 --execution inline,downshift_auto_inline,0.5.0,"{'name': 'onnxruntime', 'device': 'CPUExecutionProvider', 'inputs': [{'name': 'input_ids', 'dtype': 'tensor(int64)', 'shape': ['s43', 's53']}, {'name': 'attention_mask', 'dtype': 'tensor(int64)', 'shape': ['s43', 's53']}], 'outputs': [{'name': 'output_0', 'dtype': 'tensor(float)', 'shape': ['s43', 384]}]}",json,long_b1,1,1,8,32.0,32.0,243.791,248.478,249.971,243.839,0,5.125,807,21.45,,2.22,16.93
hf,all-MiniLM-L6-v2,downshift 0.4.0,downshift_auto,0.4.0,"{'name': 'onnxruntime', 'device': 'CPUExecutionProvider', 'inputs': [{'name': 'input_ids', 'dtype': 'tensor(int64)', 'shape': ['s43', 's53']}, {'name': 'attention_mask', 'dtype': 'tensor(int64)', 'shape': ['s43', 's53']}], 'outputs': [{'name': 'output_0', 'dtype': 'tensor(float)', 'shape': ['s43', 384]}]}",json,short_b1,1,1,1,190.05,190.1,5.264,5.8,6.154,5.245,0,5.004,42,20.94,,2.41,17.67
hf,all-MiniLM-L6-v2,downshift 0.4.0,downshift_auto,0.4.0,"{'name': 'onnxruntime', 'device': 'CPUExecutionProvider', 'inputs': [{'name': 'input_ids', 'dtype': 'tensor(int64)', 'shape': ['s43', 's53']}, {'name': 'attention_mask', 'dtype': 'tensor(int64)', 'shape': ['s43', 's53']}], 'outputs': [{'name': 'output_0', 'dtype': 'tensor(float)', 'shape': ['s43', 384]}]}",json,short_b1,1,1,8,238.77,238.8,33.12,40.015,45.061,33.298,0,5.022,42,20.94,,2.96,17.85
hf,all-MiniLM-L6-v2,downshift 0.4.0,downshift_auto,0.4.0,"{'name': 'onnxruntime', 'device': 'CPUExecutionProvider', 'inputs': [{'name': 'input_ids', 'dtype': 'tensor(int64)', 'shape': ['s43', 's53']}, {'name': 'attention_mask', 'dtype': 'tensor(int64)', 'shape': ['s43', 's53']}], 'outputs': [{'name': 'output_0', 'dtype': 'tensor(float)', 'shape': ['s43', 384]}]}",json,short_b8,8,1,1,50.81,406.5,19.707,20.551,21.308,19.627,0,5.019,405,20.94,,2.2,17.26
hf,all-MiniLM-L6-v2,downshift 0.4.0,downshift_auto,0.4.0,"{'name': 'onnxruntime', 'device': 'CPUExecutionProvider', 'inputs': [{'name': 'input_ids', 'dtype': 'tensor(int64)', 'shape': ['s43', 's53']}, {'name': 'attention_mask', 'dtype': 'tensor(int64)', 'shape': ['s43', 's53']}], 'outputs': [{'name': 'output_0', 'dtype': 'tensor(float)', 'shape': ['s43', 384]}]}",json,short_b8,8,1,8,52.45,419.6,149.319,187.127,222.697,149.612,0,5.09,405,20.94,,2.24,17.32
hf,all-MiniLM-L6-v2,downshift 0.4.0,downshift_auto,0.4.0,"{'name': 'onnxruntime', 'device': 'CPUExecutionProvider', 'inputs': [{'name': 'input_ids', 'dtype': 'tensor(int64)', 'shape': ['s43', 's53']}, {'name': 'attention_mask', 'dtype': 'tensor(int64)', 'shape': ['s43', 's53']}], 'outputs': [{'name': 'output_0', 'dtype': 'tensor(float)', 'shape': ['s43', 384]}]}",json,long_b1,1,1,1,30.05,30.1,33.055,34.835,35.5,33.136,0,5.025,807,20.94,,2.26,21.02
hf,all-MiniLM-L6-v2,downshift 0.4.0,downshift_auto,0.4.0,"{'name': 'onnxruntime', 'device': 'CPUExecutionProvider', 'inputs': [{'name': 'input_ids', 'dtype': 'tensor(int64)', 'shape': ['s43', 's53']}, {'name': 'attention_mask', 'dtype': 'tensor(int64)', 'shape': ['s43', 's53']}], 'outputs': [{'name': 'output_0', 'dtype': 'tensor(float)', 'shape': ['s43', 384]}]}",json,long_b1,1,1,8,29.82,29.8,258.028,357.533,415.244,257.844,0,5.198,807,20.94,,2.25,17.38
hf,all-MiniLM-L6-v2,downshift 0.4.0 --backend torch,downshift_torch,0.4.0,"{'name': 'torch', 'device': 'cpu', 'inputs': [{'name': 'input_ids', 'dtype': 'tensor(int64)', 'shape': ['batch', 'seq']}, {'name': 'attention_mask', 'dtype': 'tensor(int64)', 'shape': ['batch', 'seq']}], 'outputs': [{'name': 'output_0', 'dtype': 'tensor(float32)', 'shape': ['batch', 384]}]}",json,short_b1,1,1,1,103.36,103.4,9.764,10.733,11.132,9.653,0,5.002,42,13.37,,2.33,23.4
hf,all-MiniLM-L6-v2,downshift 0.4.0 --backend torch,downshift_torch,0.4.0,"{'name': 'torch', 'device': 'cpu', 'inputs': [{'name': 'input_ids', 'dtype': 'tensor(int64)', 'shape': ['batch', 'seq']}, {'name': 'attention_mask', 'dtype': 'tensor(int64)', 'shape': ['batch', 'seq']}], 'outputs': [{'name': 'output_0', 'dtype': 'tensor(float32)', 'shape': ['batch', 384]}]}",json,short_b1,1,1,8,106.75,106.8,74.303,93.541,108.121,74.135,0,5.049,42,13.37,,2.41,18.49
hf,all-MiniLM-L6-v2,downshift 0.4.0 --backend torch,downshift_torch,0.4.0,"{'name': 'torch', 'device': 'cpu', 'inputs': [{'name': 'input_ids', 'dtype': 'tensor(int64)', 'shape': ['batch', 'seq']}, {'name': 'attention_mask', 'dtype': 'tensor(int64)', 'shape': ['batch', 'seq']}], 'outputs': [{'name': 'output_0', 'dtype': 'tensor(float32)', 'shape': ['batch', 384]}]}",json,short_b8,8,1,1,45.81,366.5,21.646,23.18,24.31,21.799,0,5.021,405,13.37,,2.3,17.03
hf,all-MiniLM-L6-v2,downshift 0.4.0 --backend torch,downshift_torch,0.4.0,"{'name': 'torch', 'device': 'cpu', 'inputs': [{'name': 'input_ids', 'dtype': 'tensor(int64)', 'shape': ['batch', 'seq']}, {'name': 'attention_mask', 'dtype': 'tensor(int64)', 'shape': ['batch', 'seq']}], 'outputs': [{'name': 'output_0', 'dtype': 'tensor(float32)', 'shape': ['batch', 384]}]}",json,short_b8,8,1,8,46.26,370.1,168.575,211.005,250.244,168.861,0,5.101,405,13.37,,2.27,16.81
hf,all-MiniLM-L6-v2,downshift 0.4.0 --backend torch,downshift_torch,0.4.0,"{'name': 'torch', 'device': 'cpu', 'inputs': [{'name': 'input_ids', 'dtype': 'tensor(int64)', 'shape': ['batch', 'seq']}, {'name': 'attention_mask', 'dtype': 'tensor(int64)', 'shape': ['batch', 'seq']}], 'outputs': [{'name': 'output_0', 'dtype': 'tensor(float32)', 'shape': ['batch', 384]}]}",json,long_b1,1,1,1,35.62,35.6,27.941,29.374,30.212,28.037,0,5.025,807,13.37,,2.3,17.47
hf,all-MiniLM-L6-v2,downshift 0.4.0 --backend torch,downshift_torch,0.4.0,"{'name': 'torch', 'device': 'cpu', 'inputs': [{'name': 'input_ids', 'dtype': 'tensor(int64)', 'shape': ['batch', 'seq']}, {'name': 'attention_mask', 'dtype': 'tensor(int64)', 'shape': ['batch', 'seq']}], 'outputs': [{'name': 'output_0', 'dtype': 'tensor(float32)', 'shape': ['batch', 384]}]}",json,long_b1,1,1,8,35.82,35.8,216.256,271.204,322.809,216.614,0,5.164,807,13.37,,2.36,17.26
hf,all-MiniLM-L6-v2,downshift 0.4.0 --max-concurrency 4,downshift_auto_mc4,0.4.0,"{'name': 'onnxruntime', 'device': 'CPUExecutionProvider', 'inputs': [{'name': 'input_ids', 'dtype': 'tensor(int64)', 'shape': ['s43', 's53']}, {'name': 'attention_mask', 'dtype': 'tensor(int64)', 'shape': ['s43', 's53']}], 'outputs': [{'name': 'output_0', 'dtype': 'tensor(float)', 'shape': ['s43', 384]}]}",json,short_b1,1,1,1,189.64,189.6,5.271,5.813,6.204,5.261,0,5.004,42,20.86,,2.41,17.1
hf,all-MiniLM-L6-v2,downshift 0.4.0 --max-concurrency 4,downshift_auto_mc4,0.4.0,"{'name': 'onnxruntime', 'device': 'CPUExecutionProvider', 'inputs': [{'name': 'input_ids', 'dtype': 'tensor(int64)', 'shape': ['s43', 's53']}, {'name': 'attention_mask', 'dtype': 'tensor(int64)', 'shape': ['s43', 's53']}], 'outputs': [{'name': 'output_0', 'dtype': 'tensor(float)', 'shape': ['s43', 384]}]}",json,short_b1,1,1,8,434.48,434.5,18.319,21.829,23.5,18.358,0,5.011,42,20.86,,8.37,21.46
hf,all-MiniLM-L6-v2,downshift 0.4.0 --max-concurrency 4,downshift_auto_mc4,0.4.0,"{'name': 'onnxruntime', 'device': 'CPUExecutionProvider', 'inputs': [{'name': 'input_ids', 'dtype': 'tensor(int64)', 'shape': ['s43', 's53']}, {'name': 'attention_mask', 'dtype': 'tensor(int64)', 'shape': ['s43', 's53']}], 'outputs': [{'name': 'output_0', 'dtype': 'tensor(float)', 'shape': ['s43', 384]}]}",json,short_b8,8,1,1,50.52,404.2,19.746,20.546,21.451,19.722,0,5.008,405,20.86,,2.18,18.71
hf,all-MiniLM-L6-v2,downshift 0.4.0 --max-concurrency 4,downshift_auto_mc4,0.4.0,"{'name': 'onnxruntime', 'device': 'CPUExecutionProvider', 'inputs': [{'name': 'input_ids', 'dtype': 'tensor(int64)', 'shape': ['s43', 's53']}, {'name': 'attention_mask', 'dtype': 'tensor(int64)', 'shape': ['s43', 's53']}], 'outputs': [{'name': 'output_0', 'dtype': 'tensor(float)', 'shape': ['s43', 384]}]}",json,short_b8,8,1,8,130.48,1043.8,61.035,72.494,84.77,60.737,0,5.043,405,20.86,,2.87,17.26
hf,all-MiniLM-L6-v2,downshift 0.4.0 --max-concurrency 4,downshift_auto_mc4,0.4.0,"{'name': 'onnxruntime', 'device': 'CPUExecutionProvider', 'inputs': [{'name': 'input_ids', 'dtype': 'tensor(int64)', 'shape': ['s43', 's53']}, {'name': 'attention_mask', 'dtype': 'tensor(int64)', 'shape': ['s43', 's53']}], 'outputs': [{'name': 'output_0', 'dtype': 'tensor(float)', 'shape': ['s43', 384]}]}",json,long_b1,1,1,1,29.81,29.8,33.392,34.859,37.192,33.437,0,5.032,807,20.86,,2.32,18.01
hf,all-MiniLM-L6-v2,downshift 0.4.0 --max-concurrency 4,downshift_auto_mc4,0.4.0,"{'name': 'onnxruntime', 'device': 'CPUExecutionProvider', 'inputs': [{'name': 'input_ids', 'dtype': 'tensor(int64)', 'shape': ['s43', 's53']}, {'name': 'attention_mask', 'dtype': 'tensor(int64)', 'shape': ['s43', 's53']}], 'outputs': [{'name': 'output_0', 'dtype': 'tensor(float)', 'shape': ['s43', 384]}]}",json,long_b1,1,1,8,76.9,76.9,102.631,130.89,153.318,102.739,0,5.085,807,20.86,,2.88,17.7
hf,prompt-guard-86m,naive FastAPI + transformers,naive_sync,,torch,json,short_b1,1,1,1,9.07,9.1,107.948,110.031,111.007,107.959,0,5.069,42,15.8,,2.21,22.49
hf,prompt-guard-86m,naive FastAPI + transformers,naive_sync,,torch,json,short_b1,1,1,8,16.17,16.2,458.294,486.499,495.501,452.328,0,5.132,42,15.8,,3.39,6.13
hf,prompt-guard-86m,naive FastAPI + transformers,naive_sync,,torch,json,short_b8,8,1,1,4.23,33.8,228.515,230.609,236.292,228.984,0,5.202,405,15.8,,2.3,17.31
hf,prompt-guard-86m,naive FastAPI + transformers,naive_sync,,torch,json,short_b8,8,1,8,7.32,58.6,980.675,1044.376,1073.433,951.601,0,5.328,405,15.8,,3.39,16.02
hf,prompt-guard-86m,naive FastAPI + transformers,naive_sync,,torch,json,long_b1,1,1,1,3.22,3.2,296.569,300.013,301.342,297.023,0,5.279,807,15.8,,2.22,17.19
hf,prompt-guard-86m,naive FastAPI + transformers,naive_sync,,torch,json,long_b1,1,1,8,5.64,5.6,1310.559,1375.454,1423.203,1293.425,0,5.85,807,15.8,,2.99,15.97
hf,prompt-guard-86m,"naive transformers, async def",naive_async,,torch,json,short_b1,1,1,1,9.12,9.1,107.434,111.486,112.346,107.644,0,5.045,42,15.81,,107.55,170.79
hf,prompt-guard-86m,"naive transformers, async def",naive_async,,torch,json,short_b1,1,1,8,8.63,8.6,853.167,863.336,865.163,847.303,0,5.562,42,15.81,,15.91,1597.19
hf,prompt-guard-86m,"naive transformers, async def",naive_async,,torch,json,short_b8,8,1,1,4.21,33.7,227.853,238.729,239.961,229.294,0,5.221,405,15.81,,391.59,408.94
hf,prompt-guard-86m,"naive transformers, async def",naive_async,,torch,json,short_b8,8,1,8,3.51,28.1,1809.209,1819.68,1819.713,1754.368,0,6.544,405,15.81,,1.93,4080.04
hf,prompt-guard-86m,"naive transformers, async def",naive_async,,torch,json,long_b1,1,1,1,3.26,3.3,293.562,295.974,296.817,293.954,0,5.214,807,15.81,,243.79,539.04
hf,prompt-guard-86m,"naive transformers, async def",naive_async,,torch,json,long_b1,1,1,8,2.46,2.5,2339.872,2348.195,2348.225,2239.474,0,6.912,807,15.81,,1.92,5213.26
hf,prompt-guard-86m,downshift 0.5.0,downshift_auto,0.5.0,"{'name': 'onnxruntime', 'device': 'CPUExecutionProvider', 'inputs': [{'name': 'input_ids', 'dtype': 'tensor(int64)', 'shape': ['s43', 's53']}, {'name': 'attention_mask', 'dtype': 'tensor(int64)', 'shape': ['s43', 's53']}], 'outputs': [{'name': 'output_0', 'dtype': 'tensor(float)', 'shape': ['s43', 3]}]}",json,short_b1,1,1,1,47.43,47.4,21.076,21.995,22.604,21.067,0,5.018,42,43.8,,2.91,17.1
hf,prompt-guard-86m,downshift 0.5.0,downshift_auto,0.5.0,"{'name': 'onnxruntime', 'device': 'CPUExecutionProvider', 'inputs': [{'name': 'input_ids', 'dtype': 'tensor(int64)', 'shape': ['s43', 's53']}, {'name': 'attention_mask', 'dtype': 'tensor(int64)', 'shape': ['s43', 's53']}], 'outputs': [{'name': 'output_0', 'dtype': 'tensor(float)', 'shape': ['s43', 3]}]}",json,short_b1,1,1,8,50.17,50.2,156.152,158.632,160.113,156.155,0,5.103,42,43.8,,3.06,17.88
hf,prompt-guard-86m,downshift 0.5.0,downshift_auto,0.5.0,"{'name': 'onnxruntime', 'device': 'CPUExecutionProvider', 'inputs': [{'name': 'input_ids', 'dtype': 'tensor(int64)', 'shape': ['s43', 's53']}, {'name': 'attention_mask', 'dtype': 'tensor(int64)', 'shape': ['s43', 's53']}], 'outputs': [{'name': 'output_0', 'dtype': 'tensor(float)', 'shape': ['s43', 3]}]}",json,short_b8,8,1,1,7.1,56.8,140.713,142.49,143.436,140.755,0,5.074,405,43.8,,2.27,17.29
hf,prompt-guard-86m,downshift 0.5.0,downshift_auto,0.5.0,"{'name': 'onnxruntime', 'device': 'CPUExecutionProvider', 'inputs': [{'name': 'input_ids', 'dtype': 'tensor(int64)', 'shape': ['s43', 's53']}, {'name': 'attention_mask', 'dtype': 'tensor(int64)', 'shape': ['s43', 's53']}], 'outputs': [{'name': 'output_0', 'dtype': 'tensor(float)', 'shape': ['s43', 3]}]}",json,short_b8,8,1,8,6.28,50.2,1109.866,1114.251,1115.516,1109.664,0,5.73,405,43.8,,2.27,17.21
hf,prompt-guard-86m,downshift 0.5.0,downshift_auto,0.5.0,"{'name': 'onnxruntime', 'device': 'CPUExecutionProvider', 'inputs': [{'name': 'input_ids', 'dtype': 'tensor(int64)', 'shape': ['s43', 's53']}, {'name': 'attention_mask', 'dtype': 'tensor(int64)', 'shape': ['s43', 's53']}], 'outputs': [{'name': 'output_0', 'dtype': 'tensor(float)', 'shape': ['s43', 3]}]}",json,long_b1,1,1,1,4.58,4.6,215.208,218.892,219.426,214.792,0,5.025,807,43.8,,2.19,16.61
hf,prompt-guard-86m,downshift 0.5.0,downshift_auto,0.5.0,"{'name': 'onnxruntime', 'device': 'CPUExecutionProvider', 'inputs': [{'name': 'input_ids', 'dtype': 'tensor(int64)', 'shape': ['s43', 's53']}, {'name': 'attention_mask', 'dtype': 'tensor(int64)', 'shape': ['s43', 's53']}], 'outputs': [{'name': 'output_0', 'dtype': 'tensor(float)', 'shape': ['s43', 3]}]}",json,long_b1,1,1,8,3.98,4.0,1703.027,1711.01,1711.917,1703.266,0,6.024,807,43.8,,2.23,17.19
hf,prompt-guard-86m,downshift 0.5.0 --backend torch,downshift_torch,0.5.0,"{'name': 'torch', 'device': 'cpu', 'inputs': [{'name': 'input_ids', 'dtype': 'tensor(int64)', 'shape': ['batch', 'seq']}, {'name': 'attention_mask', 'dtype': 'tensor(int64)', 'shape': ['batch', 'seq']}], 'outputs': [{'name': 'output_0', 'dtype': 'tensor(float32)', 'shape': ['batch', 3]}]}",json,short_b1,1,1,1,9.03,9.0,108.647,111.369,111.907,108.576,0,5.094,42,16.24,,2.26,17.35
hf,prompt-guard-86m,downshift 0.5.0 --backend torch,downshift_torch,0.5.0,"{'name': 'torch', 'device': 'cpu', 'inputs': [{'name': 'input_ids', 'dtype': 'tensor(int64)', 'shape': ['batch', 'seq']}, {'name': 'attention_mask', 'dtype': 'tensor(int64)', 'shape': ['batch', 'seq']}], 'outputs': [{'name': 'output_0', 'dtype': 'tensor(float32)', 'shape': ['batch', 3]}]}",json,short_b1,1,1,8,8.26,8.3,862.502,870.763,873.161,863.032,0,5.567,42,16.24,,2.23,17.33
hf,prompt-guard-86m,downshift 0.5.0 --backend torch,downshift_torch,0.5.0,"{'name': 'torch', 'device': 'cpu', 'inputs': [{'name': 'input_ids', 'dtype': 'tensor(int64)', 'shape': ['batch', 'seq']}, {'name': 'attention_mask', 'dtype': 'tensor(int64)', 'shape': ['batch', 'seq']}], 'outputs': [{'name': 'output_0', 'dtype': 'tensor(float32)', 'shape': ['batch', 3]}]}",json,short_b8,8,1,1,4.18,33.4,230.806,234.509,235.115,230.629,0,5.018,405,16.24,,2.38,23.54
hf,prompt-guard-86m,downshift 0.5.0 --backend torch,downshift_torch,0.5.0,"{'name': 'torch', 'device': 'cpu', 'inputs': [{'name': 'input_ids', 'dtype': 'tensor(int64)', 'shape': ['batch', 'seq']}, {'name': 'attention_mask', 'dtype': 'tensor(int64)', 'shape': ['batch', 'seq']}], 'outputs': [{'name': 'output_0', 'dtype': 'tensor(float32)', 'shape': ['batch', 3]}]}",json,short_b8,8,1,8,3.59,28.7,1837.933,1842.139,1844.297,1837.446,0,6.122,405,16.24,,2.36,17.44
hf,prompt-guard-86m,downshift 0.5.0 --backend torch,downshift_torch,0.5.0,"{'name': 'torch', 'device': 'cpu', 'inputs': [{'name': 'input_ids', 'dtype': 'tensor(int64)', 'shape': ['batch', 'seq']}, {'name': 'attention_mask', 'dtype': 'tensor(int64)', 'shape': ['batch', 'seq']}], 'outputs': [{'name': 'output_0', 'dtype': 'tensor(float32)', 'shape': ['batch', 3]}]}",json,long_b1,1,1,1,3.26,3.3,295.1,298.43,302.274,295.73,0,5.22,807,16.24,,2.32,16.8
hf,prompt-guard-86m,downshift 0.5.0 --backend torch,downshift_torch,0.5.0,"{'name': 'torch', 'device': 'cpu', 'inputs': [{'name': 'input_ids', 'dtype': 'tensor(int64)', 'shape': ['batch', 'seq']}, {'name': 'attention_mask', 'dtype': 'tensor(int64)', 'shape': ['batch', 'seq']}], 'outputs': [{'name': 'output_0', 'dtype': 'tensor(float32)', 'shape': ['batch', 3]}]}",json,long_b1,1,1,8,2.63,2.6,2357.095,2366.384,2368.387,2356.461,0,6.456,807,16.24,,2.31,17.15
hf,prompt-guard-86m,downshift 0.5.0 --max-concurrency 4,downshift_auto_mc4,0.5.0,"{'name': 'onnxruntime', 'device': 'CPUExecutionProvider', 'inputs': [{'name': 'input_ids', 'dtype': 'tensor(int64)', 'shape': ['s43', 's53']}, {'name': 'attention_mask', 'dtype': 'tensor(int64)', 'shape': ['s43', 's53']}], 'outputs': [{'name': 'output_0', 'dtype': 'tensor(float)', 'shape': ['s43', 3]}]}",json,short_b1,1,1,1,47.16,47.2,21.205,22.112,22.878,21.182,0,5.005,42,43.56,,3.08,22.71
hf,prompt-guard-86m,downshift 0.5.0 --max-concurrency 4,downshift_auto_mc4,0.5.0,"{'name': 'onnxruntime', 'device': 'CPUExecutionProvider', 'inputs': [{'name': 'input_ids', 'dtype': 'tensor(int64)', 'shape': ['s43', 's53']}, {'name': 'attention_mask', 'dtype': 'tensor(int64)', 'shape': ['s43', 's53']}], 'outputs': [{'name': 'output_0', 'dtype': 'tensor(float)', 'shape': ['s43', 3]}]}",json,short_b1,1,1,8,103.21,103.2,76.908,81.633,83.838,76.705,0,5.048,42,43.56,,7.48,22.76
hf,prompt-guard-86m,downshift 0.5.0 --max-concurrency 4,downshift_auto_mc4,0.5.0,"{'name': 'onnxruntime', 'device': 'CPUExecutionProvider', 'inputs': [{'name': 'input_ids', 'dtype': 'tensor(int64)', 'shape': ['s43', 's53']}, {'name': 'attention_mask', 'dtype': 'tensor(int64)', 'shape': ['s43', 's53']}], 'outputs': [{'name': 'output_0', 'dtype': 'tensor(float)', 'shape': ['s43', 3]}]}",json,short_b8,8,1,1,7.07,56.6,140.77,142.355,143.364,140.783,0,5.092,405,43.56,,2.45,25.58
hf,prompt-guard-86m,downshift 0.5.0 --max-concurrency 4,downshift_auto_mc4,0.5.0,"{'name': 'onnxruntime', 'device': 'CPUExecutionProvider', 'inputs': [{'name': 'input_ids', 'dtype': 'tensor(int64)', 'shape': ['s43', 's53']}, {'name': 'attention_mask', 'dtype': 'tensor(int64)', 'shape': ['s43', 's53']}], 'outputs': [{'name': 'output_0', 'dtype': 'tensor(float)', 'shape': ['s43', 3]}]}",json,short_b8,8,1,8,11.53,92.2,629.822,645.98,655.047,625.366,0,5.289,405,43.56,,2.79,17.87
hf,prompt-guard-86m,downshift 0.5.0 --max-concurrency 4,downshift_auto_mc4,0.5.0,"{'name': 'onnxruntime', 'device': 'CPUExecutionProvider', 'inputs': [{'name': 'input_ids', 'dtype': 'tensor(int64)', 'shape': ['s43', 's53']}, {'name': 'attention_mask', 'dtype': 'tensor(int64)', 'shape': ['s43', 's53']}], 'outputs': [{'name': 'output_0', 'dtype': 'tensor(float)', 'shape': ['s43', 3]}]}",json,long_b1,1,1,1,4.55,4.5,214.599,217.649,218.061,214.874,0,5.052,807,43.56,,2.32,17.31
hf,prompt-guard-86m,downshift 0.5.0 --max-concurrency 4,downshift_auto_mc4,0.5.0,"{'name': 'onnxruntime', 'device': 'CPUExecutionProvider', 'inputs': [{'name': 'input_ids', 'dtype': 'tensor(int64)', 'shape': ['s43', 's53']}, {'name': 'attention_mask', 'dtype': 'tensor(int64)', 'shape': ['s43', 's53']}], 'outputs': [{'name': 'output_0', 'dtype': 'tensor(float)', 'shape': ['s43', 3]}]}",json,long_b1,1,1,8,7.18,7.2,968.394,1000.732,1006.298,969.907,0,5.568,807,43.56,,2.7,17.18
hf,prompt-guard-86m,downshift 0.4.0,downshift_auto,0.4.0,"{'name': 'onnxruntime', 'device': 'CPUExecutionProvider', 'inputs': [{'name': 'input_ids', 'dtype': 'tensor(int64)', 'shape': ['s43', 's53']}, {'name': 'attention_mask', 'dtype': 'tensor(int64)', 'shape': ['s43', 's53']}], 'outputs': [{'name': 'output_0', 'dtype': 'tensor(float)', 'shape': ['s43', 3]}]}",json,short_b1,1,1,1,46.78,46.8,21.341,22.307,22.961,21.318,0,5.002,42,43.39,,3.05,26.42
hf,prompt-guard-86m,downshift 0.4.0,downshift_auto,0.4.0,"{'name': 'onnxruntime', 'device': 'CPUExecutionProvider', 'inputs': [{'name': 'input_ids', 'dtype': 'tensor(int64)', 'shape': ['s43', 's53']}, {'name': 'attention_mask', 'dtype': 'tensor(int64)', 'shape': ['s43', 's53']}], 'outputs': [{'name': 'output_0', 'dtype': 'tensor(float)', 'shape': ['s43', 3]}]}",json,short_b1,1,1,8,48.2,48.2,163.178,205.623,262.167,162.746,0,5.083,42,43.39,,3.21,17.45
hf,prompt-guard-86m,downshift 0.4.0,downshift_auto,0.4.0,"{'name': 'onnxruntime', 'device': 'CPUExecutionProvider', 'inputs': [{'name': 'input_ids', 'dtype': 'tensor(int64)', 'shape': ['s43', 's53']}, {'name': 'attention_mask', 'dtype': 'tensor(int64)', 'shape': ['s43', 's53']}], 'outputs': [{'name': 'output_0', 'dtype': 'tensor(float)', 'shape': ['s43', 3]}]}",json,short_b8,8,1,1,7.07,56.6,140.894,142.319,143.959,141.031,0,5.09,405,43.39,,2.4,17.58
hf,prompt-guard-86m,downshift 0.4.0,downshift_auto,0.4.0,"{'name': 'onnxruntime', 'device': 'CPUExecutionProvider', 'inputs': [{'name': 'input_ids', 'dtype': 'tensor(int64)', 'shape': ['s43', 's53']}, {'name': 'attention_mask', 'dtype': 'tensor(int64)', 'shape': ['s43', 's53']}], 'outputs': [{'name': 'output_0', 'dtype': 'tensor(float)', 'shape': ['s43', 3]}]}",json,short_b8,8,1,8,6.06,48.5,1117.085,1254.954,1393.543,1116.614,0,5.779,405,43.39,,2.44,17.23
hf,prompt-guard-86m,downshift 0.4.0,downshift_auto,0.4.0,"{'name': 'onnxruntime', 'device': 'CPUExecutionProvider', 'inputs': [{'name': 'input_ids', 'dtype': 'tensor(int64)', 'shape': ['s43', 's53']}, {'name': 'attention_mask', 'dtype': 'tensor(int64)', 'shape': ['s43', 's53']}], 'outputs': [{'name': 'output_0', 'dtype': 'tensor(float)', 'shape': ['s43', 3]}]}",json,long_b1,1,1,1,4.55,4.5,214.733,219.456,220.384,215.291,0,5.054,807,43.39,,2.31,17.31
hf,prompt-guard-86m,downshift 0.4.0,downshift_auto,0.4.0,"{'name': 'onnxruntime', 'device': 'CPUExecutionProvider', 'inputs': [{'name': 'input_ids', 'dtype': 'tensor(int64)', 'shape': ['s43', 's53']}, {'name': 'attention_mask', 'dtype': 'tensor(int64)', 'shape': ['s43', 's53']}], 'outputs': [{'name': 'output_0', 'dtype': 'tensor(float)', 'shape': ['s43', 3]}]}",json,long_b1,1,1,8,3.71,3.7,1718.406,2150.943,2793.912,1719.305,0,6.202,807,43.39,,2.29,17.48
hf,prompt-guard-86m,downshift 0.4.0 --backend torch,downshift_torch,0.4.0,"{'name': 'torch', 'device': 'cpu', 'inputs': [{'name': 'input_ids', 'dtype': 'tensor(int64)', 'shape': ['batch', 'seq']}, {'name': 'attention_mask', 'dtype': 'tensor(int64)', 'shape': ['batch', 'seq']}], 'outputs': [{'name': 'output_0', 'dtype': 'tensor(float32)', 'shape': ['batch', 3]}]}",json,short_b1,1,1,1,9.15,9.2,109.181,111.327,111.453,109.172,0,5.029,42,16.31,,2.34,17.39
hf,prompt-guard-86m,downshift 0.4.0 --backend torch,downshift_torch,0.4.0,"{'name': 'torch', 'device': 'cpu', 'inputs': [{'name': 'input_ids', 'dtype': 'tensor(int64)', 'shape': ['batch', 'seq']}, {'name': 'attention_mask', 'dtype': 'tensor(int64)', 'shape': ['batch', 'seq']}], 'outputs': [{'name': 'output_0', 'dtype': 'tensor(float32)', 'shape': ['batch', 3]}]}",json,short_b1,1,1,8,8.16,8.2,865.091,1085.338,1307.241,865.843,0,5.639,42,16.31,,2.25,17.14
hf,prompt-guard-86m,downshift 0.4.0 --backend torch,downshift_torch,0.4.0,"{'name': 'torch', 'device': 'cpu', 'inputs': [{'name': 'input_ids', 'dtype': 'tensor(int64)', 'shape': ['batch', 'seq']}, {'name': 'attention_mask', 'dtype': 'tensor(int64)', 'shape': ['batch', 'seq']}], 'outputs': [{'name': 'output_0', 'dtype': 'tensor(float32)', 'shape': ['batch', 3]}]}",json,short_b8,8,1,1,4.18,33.4,231.308,235.013,235.38,231.47,0,5.028,405,16.31,,2.31,17.14
hf,prompt-guard-86m,downshift 0.4.0 --backend torch,downshift_torch,0.4.0,"{'name': 'torch', 'device': 'cpu', 'inputs': [{'name': 'input_ids', 'dtype': 'tensor(int64)', 'shape': ['batch', 'seq']}, {'name': 'attention_mask', 'dtype': 'tensor(int64)', 'shape': ['batch', 'seq']}], 'outputs': [{'name': 'output_0', 'dtype': 'tensor(float32)', 'shape': ['batch', 3]}]}",json,short_b8,8,1,8,3.55,28.4,1839.337,2066.73,2068.396,1838.517,0,6.19,405,16.31,,2.38,17.2
hf,prompt-guard-86m,downshift 0.4.0 --backend torch,downshift_torch,0.4.0,"{'name': 'torch', 'device': 'cpu', 'inputs': [{'name': 'input_ids', 'dtype': 'tensor(int64)', 'shape': ['batch', 'seq']}, {'name': 'attention_mask', 'dtype': 'tensor(int64)', 'shape': ['batch', 'seq']}], 'outputs': [{'name': 'output_0', 'dtype': 'tensor(float32)', 'shape': ['batch', 3]}]}",json,long_b1,1,1,1,3.23,3.2,296.419,298.5,300.149,296.637,0,5.266,807,16.31,,2.28,16.91
hf,prompt-guard-86m,downshift 0.4.0 --backend torch,downshift_torch,0.4.0,"{'name': 'torch', 'device': 'cpu', 'inputs': [{'name': 'input_ids', 'dtype': 'tensor(int64)', 'shape': ['batch', 'seq']}, {'name': 'attention_mask', 'dtype': 'tensor(int64)', 'shape': ['batch', 'seq']}], 'outputs': [{'name': 'output_0', 'dtype': 'tensor(float32)', 'shape': ['batch', 3]}]}",json,long_b1,1,1,8,2.64,2.6,2360.774,2654.692,2947.208,2359.151,0,6.447,807,16.31,,2.32,17.12
hf,prompt-guard-86m,downshift 0.4.0 --max-concurrency 4,downshift_auto_mc4,0.4.0,"{'name': 'onnxruntime', 'device': 'CPUExecutionProvider', 'inputs': [{'name': 'input_ids', 'dtype': 'tensor(int64)', 'shape': ['s43', 's53']}, {'name': 'attention_mask', 'dtype': 'tensor(int64)', 'shape': ['s43', 's53']}], 'outputs': [{'name': 'output_0', 'dtype': 'tensor(float)', 'shape': ['s43', 3]}]}",json,short_b1,1,1,1,46.91,46.9,21.313,22.086,22.248,21.237,0,5.01,42,43.23,,3.05,17.62
hf,prompt-guard-86m,downshift 0.4.0 --max-concurrency 4,downshift_auto_mc4,0.4.0,"{'name': 'onnxruntime', 'device': 'CPUExecutionProvider', 'inputs': [{'name': 'input_ids', 'dtype': 'tensor(int64)', 'shape': ['s43', 's53']}, {'name': 'attention_mask', 'dtype': 'tensor(int64)', 'shape': ['s43', 's53']}], 'outputs': [{'name': 'output_0', 'dtype': 'tensor(float)', 'shape': ['s43', 3]}]}",json,short_b1,1,1,8,100.54,100.5,78.895,87.718,93.254,78.72,0,5.063,42,43.23,,8.35,20.07
hf,prompt-guard-86m,downshift 0.4.0 --max-concurrency 4,downshift_auto_mc4,0.4.0,"{'name': 'onnxruntime', 'device': 'CPUExecutionProvider', 'inputs': [{'name': 'input_ids', 'dtype': 'tensor(int64)', 'shape': ['s43', 's53']}, {'name': 'attention_mask', 'dtype': 'tensor(int64)', 'shape': ['s43', 's53']}], 'outputs': [{'name': 'output_0', 'dtype': 'tensor(float)', 'shape': ['s43', 3]}]}",json,short_b8,8,1,1,7.01,56.1,141.097,143.126,144.01,141.186,0,5.133,405,43.23,,2.39,17.32
hf,prompt-guard-86m,downshift 0.4.0 --max-concurrency 4,downshift_auto_mc4,0.4.0,"{'name': 'onnxruntime', 'device': 'CPUExecutionProvider', 'inputs': [{'name': 'input_ids', 'dtype': 'tensor(int64)', 'shape': ['s43', 's53']}, {'name': 'attention_mask', 'dtype': 'tensor(int64)', 'shape': ['s43', 's53']}], 'outputs': [{'name': 'output_0', 'dtype': 'tensor(float)', 'shape': ['s43', 3]}]}",json,short_b8,8,1,8,11.46,91.7,629.619,775.553,917.117,626.051,0,5.499,405,43.23,,3.04,17.49
hf,prompt-guard-86m,downshift 0.4.0 --max-concurrency 4,downshift_auto_mc4,0.4.0,"{'name': 'onnxruntime', 'device': 'CPUExecutionProvider', 'inputs': [{'name': 'input_ids', 'dtype': 'tensor(int64)', 'shape': ['s43', 's53']}, {'name': 'attention_mask', 'dtype': 'tensor(int64)', 'shape': ['s43', 's53']}], 'outputs': [{'name': 'output_0', 'dtype': 'tensor(float)', 'shape': ['s43', 3]}]}",json,long_b1,1,1,1,4.55,4.5,215.431,218.802,220.251,215.746,0,5.054,807,43.23,,2.32,17.63
hf,prompt-guard-86m,downshift 0.4.0 --max-concurrency 4,downshift_auto_mc4,0.4.0,"{'name': 'onnxruntime', 'device': 'CPUExecutionProvider', 'inputs': [{'name': 'input_ids', 'dtype': 'tensor(int64)', 'shape': ['s43', 's53']}, {'name': 'attention_mask', 'dtype': 'tensor(int64)', 'shape': ['s43', 's53']}], 'outputs': [{'name': 'output_0', 'dtype': 'tensor(float)', 'shape': ['s43', 3]}]}",json,long_b1,1,1,8,7.04,7.0,975.005,1015.288,1430.708,973.255,0,5.684,807,43.23,,2.59,17.07
